year,date,lat,lon,count
2021,2021-05-06,15.5491,-61.54735,4
2021,2021-05-07,15.44032,-61.53217,3
2021,2021-05-07,15.36268,-61.52037,2
2021,2021-05-07,15.47757,-61.51378,1
2021,2021-05-07,15.50113,-61.5052,3
2021,2021-05-07,15.52795,-61.5065,3
2021,2021-05-09,15.33893,-61.46455,5
2021,2021-05-09,15.46067,-61.45623,2
2021,2021-05-09,15.35357,-61.45243,1
2021,2021-05-09,15.3445,-61.43688,1
2021,2021-05-09,15.33368,-61.43427,2
2021,2021-05-09,15.32632,-61.43218,1
2021,2021-05-09,15.33945,-61.43735,1
2021,2021-05-09,15.34298,-61.44515,3
2021,2021-05-09,15.34995,-61.44512,2
2021,2021-05-09,15.36338,-61.45082,1
2021,2021-05-09,15.3679,-61.46393,1
2021,2021-05-09,15.37668,-61.46482,2
2021,2021-05-09,15.37312,-61.46968,1
2021,2021-05-09,15.36165,-61.45955,3
2021,2021-05-10,15.33203,-61.46145,3
2021,2021-05-10,15.34202,-61.45518,2
2021,2021-05-10,15.34895,-61.44422,2
2021,2021-05-10,15.34967,-61.44387,1
2021,2021-05-10,15.35825,-61.44963,1
2021,2021-05-10,15.35552,-61.45027,1
2021,2021-05-10,15.3626,-61.46652,5
2021,2021-05-10,15.34465,-61.44887,1
2021,2021-05-10,15.33965,-61.45095,3
2021,2021-05-10,15.33263,-61.43743,1
2021,2021-05-10,15.33307,-61.43747,2
2021,2021-05-10,15.3486,-61.4519,2
2021,2021-05-11,15.36373,-61.46827,2
2021,2021-05-11,15.38733,-61.47033,1
2021,2021-05-11,15.40023,-61.4816,1
2021,2021-05-11,15.40052,-61.47723,1
2021,2021-05-11,15.37653,-61.46678,1
2021,2021-05-11,15.3328,-61.43273,2
2021,2021-05-11,15.32942,-61.42902,1
2021,2021-05-11,15.34025,-61.4481,1
2021,2021-05-11,15.34565,-61.45255,4
2021,2021-05-11,15.35593,-61.4717,3
2021,2021-05-11,15.36508,-61.46965,3
2021,2021-05-12,15.35385,-61.46667,2
2021,2021-05-12,15.3555,-61.46347,1
2021,2021-05-12,15.35257,-61.45942,1
2021,2021-05-12,15.33545,-61.46433,1
2021,2021-05-12,15.33147,-61.44808,3
2021,2021-05-12,15.3349,-61.44067,1
2021,2021-05-12,15.33367,-61.4399,4
2021,2021-05-12,15.33878,-61.45672,1
2021,2021-05-12,15.36432,-61.46212,2
2021,2021-05-12,15.38513,-61.46455,1
2021,2021-05-12,15.38693,-61.47353,1
2021,2021-05-12,15.38855,-61.47358,1
2021,2021-05-14,15.37912,-61.46055,1
2021,2021-05-14,15.35935,-61.45133,3
2021,2021-05-14,15.3432,-61.44735,3
2021,2021-05-14,15.30837,-61.43265,2
2021,2021-05-14,15.32142,-61.4343,2
2021,2021-05-14,15.30722,-61.42955,3
2021,2021-05-15,15.27765,-61.3854,1
2021,2021-05-15,15.27067,-61.40765,1
2021,2021-05-15,15.27257,-61.41433,3
2021,2021-05-15,15.25842,-61.41387,1
2021,2021-05-15,15.23958,-61.411,2
2021,2021-05-15,15.23647,-61.4051,3
2021,2021-05-15,15.22993,-61.40228,1
2021,2021-05-15,15.23198,-61.40457,2
2021,2021-05-15,15.21463,-61.4029,2
2021,2021-05-15,15.34798,-61.45572,1
2021,2021-05-15,15.35593,-61.45555,1
2021,2021-05-15,15.33152,-61.45173,1
2021,2021-05-15,15.32505,-61.457,2
2021,2021-05-16,15.29997,-61.43447,1
2021,2021-05-16,15.33775,-61.45677,1
2021,2021-05-16,15.3508,-61.46202,1
2021,2021-05-16,15.3574,-61.45982,3
2021,2021-05-16,15.3641,-61.4685,2
2021,2021-05-16,15.37283,-61.46363,2
2021,2021-05-16,15.36755,-61.47083,2
2021,2021-05-16,15.3868,-61.46725,1
2021,2021-05-16,15.37412,-61.47955,4
2021,2021-05-16,15.34508,-61.47135,2
2021,2021-05-16,15.33453,-61.45818,1
2021,2021-05-16,15.34223,-61.4431,1
2021,2021-05-16,15.35402,-61.43838,2
2021,2021-05-17,15.34705,-61.44067,2
2021,2021-05-17,15.34862,-61.44007,2
2021,2021-05-17,15.34993,-61.44127,4
2021,2021-05-17,15.34192,-61.45002,2
2021,2021-05-17,15.33133,-61.44412,2
2021,2021-05-17,15.33288,-61.36148,3
2021,2021-05-17,15.33478,-61.44452,1
2021,2021-05-17,15.33408,-61.4393,1
2021,2021-05-17,15.35525,-61.4422,1
2021,2021-05-17,15.36315,-61.4463,1
2021,2021-05-23,15.38108,-61.47498,2
2021,2021-05-23,15.38128,-61.46602,3
2021,2021-05-23,15.37138,-61.46205,3
2021,2021-05-23,15.3626,-61.46082,1
2021,2021-05-23,15.35817,-61.45422,3
2021,2021-05-23,15.34588,-61.4486,2
2021,2021-05-23,15.34408,-61.45263,4
2021,2021-05-23,15.343,-61.45295,4
2021,2021-05-23,15.33947,-61.45378,4
2021,2021-05-23,15.33197,-61.44815,4
2021,2021-05-23,15.33053,-61.44852,4
2021,2021-05-23,15.33045,-61.4486,5
2021,2021-05-23,15.32557,-61.44695,4
2021,2021-05-23,15.3254,-61.44703,5
2021,2021-05-23,15.3198,-61.4435,2
2021,2021-05-24,15.2813,-61.42943,2
2021,2021-05-24,15.2886,-61.42168,3
2021,2021-05-24,15.31272,-61.43318,1
2021,2021-05-24,15.3185,-61.43137,1
2021,2021-05-24,15.32142,-61.4283,2
2021,2021-05-24,15.33175,-61.43523,1
2021,2021-05-24,15.33942,-61.44025,2
2021,2021-05-24,15.34512,-61.43847,2
2021,2021-05-24,15.34773,-61.43347,2
2021,2021-05-24,15.34873,-61.43938,1
2021,2021-05-24,15.3649,-61.45115,1
2021,2021-05-24,15.37325,-61.45665,2
2021,2021-05-24,15.37537,-61.45765,1
2021,2021-05-24,15.42755,-61.4623,2
2021,2021-05-24,15.39718,-61.46035,2
2021,2021-05-24,15.40045,-61.4672,1
2021,2021-05-24,15.40418,-61.46873,2
2021,2021-05-24,15.40938,-61.4727,1
2021,2021-05-24,15.41093,-61.47542,4
2021,2021-05-26,15.35562,-61.45255,1
2021,2021-05-26,15.35483,-61.45175,1
2021,2021-05-26,15.34387,-61.45268,1
2021,2021-05-26,15.32422,-61.43718,1
2021,2021-05-26,15.31347,-61.42942,2
2021,2021-05-26,15.31272,-61.42408,3
2021,2021-05-26,15.34315,-61.4344,1
2021,2021-05-26,15.34542,-61.44213,1
2021,2021-05-26,15.34862,-61.44775,1
2021,2021-05-28,15.46655,-61.5095,1
2021,2021-05-28,15.48038,-61.50223,1
2021,2021-05-28,15.48453,-61.49905,3
2021,2021-05-28,15.48747,-61.50293,1
2021,2021-05-28,15.49167,-61.51602,2
2021,2021-05-28,15.49968,-61.50927,1
2021,2021-05-28,15.50767,-61.50532,3
2021,2021-05-28,15.53993,-61.51358,1
2021,2021-05-28,15.54072,-61.51977,1
2021,2021-06-06,15.40172,-61.45272,2
2021,2021-06-06,15.4631,-61.47778,3
2021,2021-06-06,15.45823,-61.48228,5
2021,2021-06-06,15.45693,-61.47738,5
2021,2021-06-06,15.4618,-61.47318,5
2021,2021-06-10,15.3001,-61.41405,4
2021,2021-06-10,15.33098,-61.41912,4
2021,2021-06-10,15.35207,-61.43082,4
2021,2021-06-10,15.37802,-61.44265,5
2021,2021-06-10,15.39748,-61.44763,5
2021,2021-06-11,15.56927,-61.49117,3
2021,2021-06-11,15.57252,-61.4962,3
2021,2021-06-11,15.58225,-61.4962,3
2021,2021-06-12,15.49143,-61.48117,3
2021,2021-06-12,15.50513,-61.49967,3
2021,2021-06-12,15.53522,-61.4912,3
2021,2021-06-12,15.57252,-61.4962,3
2021,2021-07-23,15.34908,-61.53915,2
2021,2021-07-23,15.34512,-61.55365,2
2021,2021-07-23,15.35488,-61.57593,2
2021,2021-07-23,15.3258,-61.5791,2
2021,2021-07-23,15.308,-61.57858,3
2021,2021-07-23,15.29033,-61.58762,1
2021,2021-07-23,15.29413,-61.5953,3
2021,2021-07-24,15.31255,-61.43007,1
2021,2021-07-24,15.31808,-61.43118,1
2021,2021-07-24,15.32068,-61.4322,3
2021,2021-07-24,15.29227,-61.41465,3
2021,2021-07-24,15.27997,-61.40987,1
2021,2021-07-24,15.26493,-61.40732,5
2021,2021-07-24,15.34138,-61.45292,3
2021,2021-07-24,15.34423,-61.45702,6
2021,2021-07-25,15.29178,-61.46362,1
2021,2021-07-25,15.27587,-61.46232,3
2021,2021-07-25,15.42225,-61.5186,1
2021,2021-07-25,15.42808,-61.52272,2
2021,2021-07-25,15.42485,-61.5083,1
2021,2021-07-25,15.4287,-61.50487,2
2021,2021-07-25,15.43115,-61.4932,2
2021,2021-07-25,15.4197,-61.48873,2
2021,2021-07-25,15.40973,-61.48548,2
2021,2021-07-25,15.40777,-61.47618,2
2021,2021-07-25,15.38608,-61.46287,4
2021,2021-07-25,15.38655,-61.46097,2
2021,2021-07-25,15.3696,-61.46018,1
2021,2021-07-25,15.36472,-61.45308,3
2021,2021-07-25,15.34925,-61.45207,3
2021,2021-07-25,15.35195,-61.45265,1
2021,2021-07-25,15.36097,-61.44335,1
2021,2021-07-26,15.28263,-61.47565,2
2021,2021-07-26,15.29592,-61.45983,2
2021,2021-07-26,15.30672,-61.45968,3
2021,2021-07-26,15.30225,-61.45543,2
2021,2021-07-27,15.27835,-61.42307,1
2021,2021-07-27,15.27633,-61.42075,1
2021,2021-07-27,15.28968,-61.42635,2
2021,2021-07-27,15.34598,-61.44985,4
2021,2021-07-27,15.34658,-61.44395,5
2021,2021-07-27,15.35552,-61.44465,1
2021,2021-07-27,15.35862,-61.4467,1
2021,2021-07-27,15.36468,-61.45035,4
2021,2021-07-27,15.3795,-61.45973,1
2021,2021-07-27,15.37857,-61.46312,2
2021,2021-07-27,15.39612,-61.4763,2
2021,2021-07-28,15.31352,-61.43147,1
2021,2021-07-28,15.3273,-61.43577,1
2021,2021-07-28,15.33645,-61.43548,2
2021,2021-07-28,15.32997,-61.43017,1
2021,2021-07-28,15.32692,-61.42778,1
2021,2021-07-28,15.4937,-61.5011,2
2021,2021-07-28,15.48527,-61.49297,1
2021,2021-07-28,15.47898,-61.4937,3
2021,2021-07-28,15.47027,-61.49055,3
2021,2021-07-28,15.46015,-61.488,1
2021,2021-07-28,15.44587,-61.48975,1
2021,2021-07-29,15.27427,-61.42013,1
2021,2021-07-29,15.2768,-61.42173,1
2021,2021-07-29,15.27963,-61.4178,1
2021,2021-07-29,15.29873,-61.42715,1
2021,2021-07-29,15.30493,-61.42833,2
2021,2021-07-29,15.34212,-61.44732,2
2021,2021-07-29,15.38133,-61.4609,3
2021,2021-07-29,15.37997,-61.45553,4
2021,2021-07-29,15.37123,-61.44963,1
2021,2021-07-29,15.37593,-61.45158,3
2021,2021-07-29,15.35867,-61.4428,3
2021,2021-07-30,15.30748,-61.4323,1
2021,2021-07-30,15.32213,-61.43727,2
2021,2021-07-30,15.31097,-61.43205,1
2021,2021-07-30,15.29435,-61.43543,2
2021,2021-07-30,15.29082,-61.42887,3
2021,2021-07-30,15.26938,-61.42702,1
2021,2021-07-30,15.26312,-61.41827,3
2021,2021-07-30,15.26117,-61.41772,1
2021,2021-07-30,15.26508,-61.37712,3
2021,2021-07-30,15.25178,-61.41358,2
2021,2021-07-30,15.24897,-61.41303,3
2021,2021-07-30,15.24347,-61.41582,2
2021,2021-07-30,15.24207,-61.4184,1
2021,2021-07-30,15.24235,-61.41522,1
2021,2021-07-30,15.25187,-61.41615,2
2021,2021-07-30,15.26353,-61.42693,1
2021,2021-07-30,15.26765,-61.44927,2
2021,2021-07-31,15.25867,-61.41663,1
2021,2021-07-31,15.26675,-61.41528,1
2021,2021-07-31,15.26888,-61.42035,1
2021,2021-07-31,15.33482,-61.44783,2
2021,2021-07-31,15.33903,-61.44188,2
2021,2021-07-31,15.33905,-61.43782,1
2021,2021-07-31,15.32273,-61.4364,2
2021,2021-07-31,15.32965,-61.4518,1
2021,2021-07-31,15.3518,-61.46582,2
2021,2021-07-31,15.35127,-61.45857,2
2021,2021-07-31,15.3562,-61.45537,1
2021,2021-07-31,15.36232,-61.44992,1
2021,2021-07-31,15.35585,-61.44787,1
2021,2021-07-31,15.34955,-61.44463,2
2021,2021-07-31,15.35157,-61.44398,2
2021,2021-07-31,15.35053,-61.44447,2
2021,2021-07-31,15.3452,-61.44342,1
2021,2021-07-31,15.34357,-61.43758,2
2021,2021-07-31,15.34338,-61.43847,1
2021,2021-08-01,15.27595,-61.4059,1
2021,2021-08-01,15.25442,-61.42872,11
2021,2021-08-01,15.25792,-61.43378,2
2021,2021-08-01,15.24372,-61.43,2
2021,2021-08-01,15.2331,-61.43413,1
2021,2021-08-01,15.22907,-61.42667,5
2021,2021-08-01,15.22862,-61.42593,5
2021,2021-08-01,15.22575,-61.4227,2
2021,2021-08-01,15.22083,-61.42062,2
2021,2021-08-01,15.21708,-61.4196,1
2021,2021-08-01,15.222,-61.42315,1
2021,2021-08-01,15.35102,-61.46148,1
2021,2021-08-01,15.3529,-61.46643,3
2021,2021-08-01,15.32468,-61.45377,3
2021,2021-08-01,15.30655,-61.44658,1
2021,2021-08-01,15.30093,-61.44215,4
2021,2021-08-01,15.30418,-61.44352,7
2021,2021-08-01,15.31153,-61.44278,4
2021,2021-08-02,15.29933,-61.5121,1
2021,2021-08-02,15.30282,-61.50693,2
2021,2021-08-02,15.29267,-61.48085,1
2021,2021-08-02,15.28395,-61.46563,4
2021,2021-08-02,15.2677,-61.45462,4
2021,2021-08-02,15.26645,-61.4525,4
2021,2021-08-02,15.2605,-61.44068,5
2021,2021-08-02,15.25768,-61.4321,1
2021,2021-08-02,15.25483,-61.4311,5
2021,2021-08-02,15.24705,-61.42827,3
2021,2021-08-02,15.24248,-61.42598,1
2021,2021-08-02,15.23333,-61.42055,1
2021,2021-08-02,15.22587,-61.41632,6
2021,2021-08-03,15.26707,-61.45387,2
2021,2021-08-03,15.26748,-61.45465,1
2021,2021-08-03,15.2679,-61.45253,5
2021,2021-08-03,15.26288,-61.43783,2
2021,2021-08-03,15.26443,-61.43817,2
2021,2021-08-03,15.2626,-61.43263,1
2021,2021-08-03,15.2472,-61.42392,5
2021,2021-08-03,15.2544,-61.41827,3
2021,2021-08-03,15.25838,-61.41273,2
2021,2021-08-03,15.25742,-61.40798,5
2021,2021-08-03,15.25092,-61.4016,1
2021,2021-08-03,15.23912,-61.41708,1
2021,2021-08-03,15.24043,-61.40932,2
2021,2021-08-03,15.23945,-61.40635,2
2021,2021-08-03,15.2355,-61.4086,1
2021,2021-08-03,15.24002,-61.42715,1
2021,2021-11-08,15.30723,-61.5434,1
2021,2021-11-08,15.30982,-61.52983,3
2021,2021-11-08,15.3114,-61.52448,1
2021,2021-11-08,15.3048,-61.51345,1
2021,2021-11-08,15.29338,-61.5084,4
2021,2021-11-08,15.28113,-61.4969,2
2021,2021-11-08,15.27952,-61.49348,3
2021,2021-11-08,15.26793,-61.49043,5
2021,2021-11-08,15.26348,-61.4891,2
2021,2021-11-09,15.2581,-61.57278,2
2021,2021-11-09,15.44093,-61.5347,7
2021,2021-11-10,15.46142,-61.58092,1
2021,2021-11-10,15.45978,-61.56495,3
2021,2021-11-10,15.45757,-61.56062,1
2021,2021-11-10,15.45693,-61.55793,2
2021,2021-11-10,15.45205,-61.49882,1
2021,2021-11-10,15.46043,-61.49243,2
2021,2021-11-10,15.45277,-61.49492,3
2021,2021-11-10,15.44607,-61.51385,2
2021,2021-11-10,15.45162,-61.52618,1
2021,2021-11-10,15.45545,-61.52508,1
2021,2021-11-10,15.4512,-61.53608,1
2021,2021-11-11,15.29468,-61.47103,1
2021,2021-11-11,15.29655,-61.4566,2
2021,2021-11-11,15.29993,-61.45263,1
2021,2021-11-11,15.30452,-61.4494,2
2021,2021-11-11,15.30888,-61.45057,2
2021,2021-11-11,15.32417,-61.44432,2
2021,2021-11-11,15.34465,-61.44313,2
2021,2021-11-11,15.35463,-61.44788,5
2021,2021-11-11,15.3707,-61.46352,3
2021,2021-11-11,15.38012,-61.46203,1
2021,2021-11-11,15.39245,-61.47162,1
2021,2021-11-11,15.398,-61.47353,1
2021,2021-11-11,15.39665,-61.47768,2
2021,2021-11-11,15.39702,-61.47118,2
2021,2021-11-14,15.49572,-61.50068,1
2021,2021-11-14,15.5243,-61.50927,1
2021,2021-11-14,15.52713,-61.50752,2
2021,2021-11-14,15.54208,-61.51413,1
2021,2021-11-14,15.5748,-61.53062,1
2021,2021-11-14,15.57433,-61.53398,1
2021,2021-11-16,15.36945,-61.58007,5
2021,2021-11-16,15.34747,-61.5674,2
2021,2021-11-16,15.3432,-61.56352,2
2021,2021-11-16,15.33337,-61.56573,1
2021,2021-11-17,15.27618,-61.47455,2
2021,2021-11-17,15.27767,-61.47613,2
2021,2021-11-17,15.27388,-61.47347,1
2021,2021-11-17,15.27152,-61.47227,1
2021,2021-11-18,15.26377,-61.46067,2
2021,2021-11-18,15.24958,-61.43375,2
2021,2021-11-19,15.33137,-61.4705,2
2021,2021-11-19,15.33342,-61.47128,1
2021,2021-11-19,15.35522,-61.49222,1
2021,2021-11-19,15.35495,-61.49332,1
2021,2021-11-19,15.35202,-61.49238,3
2021,2021-11-19,15.34535,-61.48845,1
2021,2021-11-19,15.42073,-61.49245,2
2021,2021-11-19,15.41447,-61.48923,5
2021,2021-11-21,15.18753,-61.40112,6
2021,2021-11-21,15.51967,-61.54053,3
2021,2021-11-21,15.51255,-61.53487,1
2021,2021-11-21,15.5071,-61.5319,2
2021,2021-11-21,15.50773,-61.53252,4
2021,2021-11-21,15.17335,-61.43093,4
2021,2021-11-21,15.17818,-61.47417,1
2021,2021-11-21,15.32265,-61.56733,8
2021,2021-11-21,15.32098,-61.56452,3
2021,2021-11-21,15.31243,-61.56367,1
2021,2021-11-21,15.30352,-61.55638,3
2021,2021-11-23,15.25853,-61.49182,2
2021,2021-11-23,15.29478,-61.56218,2
2021,2021-11-23,15.3202,-61.66192,2
2021,2021-11-23,15.3202,-61.66192,2
2021,2021-11-24,15.37135,-61.41617,3
2021,2021-11-24,15.38682,-61.56945,2
2021,2021-11-24,15.41568,-61.57558,2
2021,2021-11-24,15.41793,-61.58437,2
2021,2021-11-24,15.42808,-61.5735,2
2021,2021-11-24,15.42825,-61.40093,2
2021,2021-11-24,15.42907,-61.56818,2
2021,2021-11-25,15.1821,-61.43625,1
2021,2021-11-25,15.41047,-61.57618,1
2021,2021-11-25,15.39657,-61.5763,2
2021,2021-11-25,15.39595,-61.57518,1
2021,2021-11-25,15.37983,-61.58387,2
2021,2021-11-25,15.37975,-61.58292,2
2021,2021-11-25,15.34972,-61.571,4
2021,2021-11-27,15.35477,-61.64055,3
2021,2021-11-27,15.35362,-61.6462,2
2021,2021-11-27,15.3567,-61.64577,2
2021,2021-12-19,15.41283,-61.55202,3
2021,2021-12-19,15.3968,-61.54795,2
2021,2021-12-19,15.39575,-61.54832,3
2021,2021-12-19,15.37397,-61.5496,2
2021,2021-12-19,15.36937,-61.54533,2
2021,2021-12-19,15.36672,-61.54562,4
2021,2021-12-19,15.36283,-61.53852,4
2021,2021-12-19,15.35582,-61.5373,8
2021,2021-12-19,15.34675,-61.53712,8
2021,2021-12-20,15.30793,-61.52387,3
2021,2021-12-20,15.31287,-61.51353,3
2021,2021-12-20,15.31248,-61.50828,2
2021,2021-12-20,15.3106,-61.50525,1
2021,2021-12-20,15.30457,-61.5004,3
2021,2021-12-20,15.28332,-61.49437,4
2021,2021-12-20,15.27093,-61.48417,3
2021,2021-12-20,15.30788,-61.47692,1
2021,2021-12-20,15.27295,-61.46042,2
2021,2021-12-20,15.26457,-61.45872,2
2021,2021-12-20,15.25807,-61.45462,3
2021,2021-12-20,15.25392,-61.45467,3
2021,2021-12-20,15.24593,-61.44875,1
2021,2021-12-20,15.23805,-61.45157,1
2021,2021-12-20,15.23862,-61.44682,1
2021,2021-12-21,15.25123,-61.41127,4
2021,2021-12-21,15.26308,-61.41705,1
2021,2021-12-21,15.26568,-61.41568,1
2021,2021-12-21,15.26855,-61.41788,5
2021,2021-12-21,15.28108,-61.42283,1
2021,2021-12-21,15.2794,-61.42413,6
2021,2021-12-21,15.2889,-61.42947,1
2021,2021-12-21,15.29613,-61.43587,1
2021,2021-12-21,15.2991,-61.43953,1
2021,2021-12-21,15.2926,-61.44128,4
2021,2021-12-21,15.29568,-61.4446,1
2021,2021-12-21,15.30433,-61.44917,2
2021,2021-12-21,15.31273,-61.00045,5
2021,2021-12-21,15.33158,-61.46122,1
2021,2021-12-21,15.33672,-61.46352,1
2021,2021-12-21,15.34475,-61.46098,3
2021,2021-12-21,15.34868,-61.46162,1
2021,2021-12-21,15.35533,-61.45417,3
2021,2021-12-21,15.35743,-61.45678,1
2021,2021-12-21,15.36132,-61.4676,1
2021,2021-12-21,15.36993,-61.47157,1
2021,2021-12-22,15.239,-61.43343,1
2021,2021-12-22,15.23587,-61.42668,1
2021,2021-12-22,15.23103,-61.4204,1
2021,2021-12-23,15.43963,-61.55813,2
2021,2021-12-23,15.44243,-61.56442,1
2021,2021-12-23,15.44358,-61.56605,1
2021,2021-12-23,15.44142,-61.56362,4
2021,2021-12-23,15.43213,-61.55773,4
2021,2021-12-23,15.4315,-61.55747,4
2021,2021-12-23,15.42313,-61.54848,4
2021,2021-12-23,15.42382,-61.55068,1
2021,2021-12-23,15.4158,-61.54748,1
2021,2021-12-23,15.40082,-61.51962,1
2021,2021-12-23,15.40285,-61.50948,1
2021,2021-12-23,15.40405,-61.50172,3
2021,2021-12-24,15.27338,-61.40987,2
2021,2021-12-24,15.24268,-61.4039,2
2021,2021-12-24,15.19145,-61.40025,3
2021,2021-12-24,15.17682,-61.40085,1
2021,2021-12-24,15.2777,-61.4271,1
2021,2021-12-24,15.26958,-61.42267,3
2021,2021-12-24,15.2482,-61.419,3
2021,2021-12-24,15.24172,-61.41645,3
2021,2021-12-24,15.2269,-61.4133,1
2021,2021-12-24,15.22375,-61.41012,1
2021,2021-12-25,15.37495,-61.54295,2
2021,2021-12-25,15.38308,-61.54995,3
2021,2021-12-25,15.40092,-61.56712,3
2021,2021-12-25,15.4055,-61.5588,1
2021,2021-12-25,15.42492,-61.5675,2
2021,2021-12-25,15.43202,-61.57098,4
2021,2021-12-26,15.40867,-61.54985,3
2021,2021-12-26,15.40052,-61.55357,1
2021,2021-12-26,15.39598,-61.55098,1
2021,2021-12-26,15.392,-61.54907,1
2021,2021-12-26,15.38978,-61.48662,1
2021,2021-12-27,15.21125,-61.43342,3
2021,2021-12-27,15.2128,-61.4284,3
2021,2021-12-29,15.25358,-61.42128,1
2021,2021-12-29,15.2428,-61.44797,3
2021,2021-12-29,15.21877,-61.44178,2
2021,2021-12-29,15.21455,-61.45292,3
2021,2021-12-29,15.20633,-61.44328,1
2021,2022-12-30,15.25633,-61.44433,2
2021,2022-12-30,15.26922,-61.44815,1
2021,2022-12-30,15.28067,-61.4459,1
2021,2022-12-31,15.25195,-61.48602,2
2021,2022-12-31,15.25343,-61.47368,1
2021,2022-12-31,15.25593,-61.46587,3
2021,2022-12-31,15.2556,-61.46608,1
2021,2022-12-31,15.25603,-61.46062,1
2021,2022-12-31,15.25995,-61.45232,1
2021,2022-12-31,15.26717,-61.44623,2
2021,2022-12-31,15.27728,-61.44647,1
2021,2022-12-31,15.28393,-61.44588,4
2021,2022-12-31,15.2991,-61.4382,2
2021,2022-12-31,15.31852,-61.43603,4
2021,2022-12-31,15.3247,-61.43915,2
2021,2022-12-31,15.34285,-61.43932,1
2021,2022-12-31,15.3456,-61.45185,3
2021,2022-12-31,15.34593,-61.45575,2
2022,2022-01-01,15.33255,-61.43522,3
2022,2022-01-01,15.32785,-61.43637,2
2022,2022-01-01,15.32742,-61.4374,1
2022,2022-01-01,15.31913,-61.4372,2
2022,2022-01-01,15.31848,-61.44182,2
2022,2022-01-01,15.31327,-61.44218,2
2022,2022-01-01,15.3023,-61.45438,1
2022,2022-01-01,15.29928,-61.45565,1
2022,2022-01-01,15.28852,-61.45703,2
2022,2022-01-01,15.26078,-61.4686,2
2022,2022-01-01,15.25135,-61.46383,2
2022,2022-01-01,15.23612,-61.46435,4
2022,2022-01-01,15.22525,-61.46158,1
2022,2022-01-02,15.22075,-61.41512,4
2022,2022-01-02,15.21115,-61.4139,4
2022,2022-01-02,15.23317,-61.41927,2
2022,2022-01-02,15.22573,-61.42063,2
2022,2022-01-03,15.35387,-61.45507,3
2022,2022-01-03,15.3479,-61.44742,2
2022,2022-01-03,15.34265,-61.45027,1
2022,2022-01-03,15.35415,-61.44803,3
2022,2022-01-03,15.34803,-61.45228,2
2022,2022-01-03,15.3557,-61.45862,2
2022,2022-01-03,15.35767,-61.46035,3
2022,2022-01-03,15.34862,-61.47085,6
2022,2022-01-04,15.26353,-61.445,1
2022,2022-01-04,15.25272,-61.44982,4
2022,2022-01-04,15.25787,-61.43298,2
2022,2022-01-04,15.28745,-61.43865,2
2022,2022-01-04,15.31678,-61.42818,6
2022,2022-01-04,15.28875,-61.42358,4
2022,2022-01-04,15.38002,-61.47677,3
2022,2022-01-04,15.38017,-61.46857,5
2022,2022-01-04,15.36975,-61.4643,3
2022,2022-01-04,15.373,-61.47123,2
2022,2022-01-05,15.30923,-61.4572,2
2022,2022-01-05,15.30902,-61.45723,1
2022,2022-01-05,15.3068,-61.44393,6
2022,2022-01-05,15.3117,-61.44238,1
2022,2022-01-05,15.41722,-61.49443,1
2022,2022-01-05,15.4003,-61.47627,2
2022,2022-01-05,15.39868,-61.4761,2
2022,2022-01-05,15.38725,-61.4773,2
2022,2022-01-05,15.3672,-61.45963,2
2022,2022-01-05,15.36005,-61.45743,2
2022,2022-01-05,15.35317,-61.4615,3
2022,2022-01-05,15.32937,-61.4533,1
2022,2022-01-05,15.30775,-61.44227,1
2022,2022-01-06,15.31968,-61.45357,3
2022,2022-01-06,15.32568,-61.45912,4
2022,2022-01-06,15.33178,-61.444,5
2022,2022-01-06,15.33958,-61.45348,3
2022,2022-01-06,15.34247,-61.455,3
2022,2022-01-06,15.34422,-61.45298,4
2022,2022-01-06,15.35848,-61.4605,2
2022,2022-01-06,15.35823,-61.45632,1
2022,2022-01-07,15.283,-61.46862,6
2022,2022-01-07,15.283,-61.46862,2
2022,2022-01-07,15.29375,-61.44512,4
2022,2022-01-07,15.31437,-61.44208,1
2022,2022-01-07,15.31635,-61.4428,5
2022,2022-01-07,15.34152,-61.43433,2
2022,2022-01-07,15.36572,-61.45792,5
2022,2022-01-20,15.25513,-61.43208,4
2022,2022-01-20,15.25648,-61.4333,1
2022,2022-01-20,15.22897,-61.41335,1
2022,2022-01-20,15.25765,-61.41098,2
2022,2022-01-20,15.27735,-61.43103,1
2022,2022-01-20,15.24745,-61.43045,6
2022,2022-01-20,15.24048,-61.43168,1
2022,2022-01-20,15.23932,-61.43352,1
2022,2022-01-20,15.24875,-61.45208,1
2022,2022-01-21,15.24648,-61.45538,1
2022,2022-01-21,15.30193,-61.43065,2
2022,2022-01-21,15.31337,-61.43152,2
2022,2022-01-21,15.32732,-61.43713,1
2022,2022-01-21,15.33477,-61.45775,4
2022,2022-01-21,15.33775,-61.46147,2
2022,2022-01-21,15.33833,-61.45985,3
2022,2022-01-21,15.34103,-61.45967,3
2022,2022-01-21,15.34763,-61.46108,4
2022,2022-01-21,15.3468,-61.46345,5
2022,2022-01-22,15.24017,-61.46198,2
2022,2022-01-22,15.25117,-61.47855,1
2022,2022-01-22,15.25567,-61.47223,2
2022,2022-01-22,15.25385,-61.47285,3
2022,2022-01-22,15.27307,-61.43635,2
2022,2022-01-22,15.279,-61.43723,1
2022,2022-01-22,15.29637,-61.43643,2
2022,2022-01-22,15.31045,-61.43005,3
2022,2022-01-22,15.3155,-61.43515,1
2022,2022-01-22,15.25555,-61.4419,3
2022,2022-01-23,15.40485,-61.47813,4
2022,2022-01-23,15.40085,-61.47613,1
2022,2022-01-23,15.39752,-61.47788,3
2022,2022-01-23,15.3772,-61.46605,2
2022,2022-01-23,15.37593,-61.46547,1
2022,2022-01-23,15.40123,-61.47592,1
2022,2022-01-23,15.4217,-61.48505,3
2022,2022-01-23,15.42345,-61.4888,1
2022,2022-01-23,15.429,-61.49553,2
2022,2022-01-23,15.44593,-61.50128,2
2022,2022-01-24,15.31878,-61.417,2
2022,2022-01-24,15.29068,-61.42128,2
2022,2022-01-24,15.28547,-61.41893,3
2022,2022-01-24,15.26195,-61.40223,2
2022,2022-01-24,15.23133,-61.399,3
2022,2022-01-24,15.30937,-61.43782,3
2022,2022-01-24,15.3092,-61.44352,1
2022,2022-01-24,15.30287,-61.44443,1
2022,2022-01-24,15.30118,-61.44527,4
2022,2022-01-24,15.2798,-61.46715,2
2022,2022-01-25,15.37225,-61.46428,2
2022,2022-01-25,15.36997,-61.4562,3
2022,2022-01-25,15.35242,-61.45168,1
2022,2022-01-25,15.34683,-61.44388,2
2022,2022-01-25,15.34822,-61.43507,3
2022,2022-01-25,15.33683,-61.44422,1
2022,2022-01-25,15.34583,-61.437,3
2022,2022-01-25,15.3554,-61.44998,1
2022,2022-01-25,15.3742,-61.4506,1
2022,2022-01-25,15.37745,-61.46263,3
2022,2022-01-25,15.38495,-61.4777,3
2022,2022-01-25,15.40718,-61.4813,1
2022,2022-01-25,15.40215,-61.48122,2
2022,2022-01-26,15.27545,-61.51682,1
2022,2022-01-26,15.28557,-61.52783,1
2022,2022-01-26,15.30367,-61.51897,1
2022,2022-01-26,15.25528,-61.55695,2
2022,2022-01-26,15.2294,-61.55955,2
2022,2022-01-26,15.19543,-61.5329,3
2022,2022-01-26,15.37832,-61.45482,5
2022,2022-01-26,15.36907,-61.45152,1
2022,2022-01-27,15.288,-61.41468,4
2022,2022-01-27,15.28658,-61.41742,2
2022,2022-01-27,15.27087,-61.40477,6
2022,2022-01-27,15.26045,-61.40025,3
2022,2022-01-27,15.2469,-61.39543,1
2022,2022-01-27,15.2406,-61.40282,1
2022,2022-01-27,15.23622,-61.39867,2
2022,2022-01-27,15.22457,-61.39493,2
2022,2022-01-27,15.21492,-61.3912,2
2022,2022-01-29,15.24663,-61.42117,2
2022,2022-01-29,15.32132,-61.45642,2
2022,2022-01-29,15.33387,-61.4441,1
2022,2022-01-29,15.33698,-61.44458,2
2022,2022-01-29,15.32813,-61.4441,1
2022,2022-01-29,15.30707,-61.44547,2
2022,2022-01-29,15.28602,-61.44292,2
2022,2022-01-29,15.25862,-61.4123,1
2022,2022-01-29,15.25087,-61.40587,3
2022,2022-01-30,15.26417,-61.43053,1
2022,2022-01-30,15.30847,-61.47347,1
2022,2022-01-30,15.3184,-61.47698,2
2022,2022-01-30,15.328,-61.50138,3
2022,2022-01-30,15.32753,-61.51492,1
2022,2022-01-30,15.33602,-61.5175,3
2022,2022-01-30,15.32397,-61.50208,1
2022,2022-01-30,15.3091,-61.48645,2
2022,2023-02-01,15.24312,-61.43357,3
2022,2023-02-01,15.22792,-61.4373,1
2022,2023-02-01,15.22527,-61.44658,2
2022,2023-02-01,15.22617,-61.4629,3
2022,2023-02-01,15.23577,-61.46835,7
2022,2023-02-01,15.25082,-61.47152,1
2022,2023-02-01,15.24843,-61.47175,1
2022,2023-02-01,15.25573,-61.46903,7
2022,2023-02-01,15.26413,-61.46515,7
2022,2023-02-01,15.2619,-61.45342,1
2022,2023-02-01,15.27972,-61.43055,4
2022,2023-02-01,15.27135,-61.43727,5
2022,2023-02-01,15.27058,-61.44297,4
2022,2023-02-01,15.27165,-61.44128,4
2022,2022-02-02,15.22622,-61.42112,3
2022,2022-02-02,15.2235,-61.42322,2
2022,2022-02-02,15.22545,-61.44495,1
2022,2022-02-02,15.31715,-61.45137,2
2022,2022-02-02,15.34448,-61.45783,2
2022,2022-02-02,15.33365,-61.45697,2
2022,2022-02-02,15.32457,-61.45912,1
2022,2022-02-02,15.31595,-61.45493,2
2022,2022-02-02,15.31533,-61.45457,1
2022,2022-02-02,15.30937,-61.44987,2
2022,2022-02-02,15.29437,-61.45732,4
2022,2022-02-03,15.50392,-61.56003,1
2022,2022-02-03,15.44015,-61.48998,2
2022,2022-02-03,15.38615,-61.46172,2
2022,2022-02-03,15.38,-61.45958,1
2022,2022-02-03,15.37393,-61.45492,1
2022,2022-02-03,15.36112,-61.45015,2
2022,2022-02-03,15.35587,-61.44798,1
2022,2022-02-04,15.22358,-61.42848,2
2022,2022-02-04,15.25113,-61.4319,2
2022,2022-02-04,15.25772,-61.42707,4
2022,2022-02-04,15.28015,-61.43997,2
2022,2022-02-04,15.29428,-61.4387,2
2022,2022-02-04,15.29125,-61.43182,2
2022,2022-02-04,15.29477,-61.4427,3
2022,2022-02-04,15.30457,-61.46082,2
2022,2022-02-04,15.33945,-61.4638,1
2022,2022-02-05,15.34612,-61.48202,2
2022,2022-02-05,15.38002,-61.50298,3
2022,2022-02-05,15.3909,-61.49892,2
2022,2022-02-05,15.39098,-61.49897,1
2022,2022-02-05,15.39245,-61.50483,2
2022,2022-02-05,15.39638,-61.52417,4
2022,2022-02-05,15.40112,-61.49283,2
2022,2022-02-05,15.40417,-61.49937,2
2022,2022-02-05,15.413,-61.50817,1
2022,2022-02-06,15.39583,-61.489,3
2022,2022-02-06,15.37913,-61.49032,2
2022,2022-02-06,15.36072,-61.45923,5
2022,2022-02-06,15.34127,-61.44292,1
2022,2022-02-06,15.33868,-61.43895,2
2022,2022-02-06,15.267,-61.45155,3
2022,2022-02-06,15.27147,-61.43607,1
2022,2022-02-06,15.2731,-61.43375,2
2022,2022-02-07,15.2966,-61.44097,1
2022,2022-02-07,15.32737,-61.448,1
2022,2022-02-07,15.33562,-61.4551,1
2022,2022-02-07,15.35443,-61.46202,1
2022,2022-02-07,15.36053,-61.46893,2
2022,2022-02-07,15.36485,-61.47457,1
2022,2022-02-07,15.37187,-61.47745,1
2022,2022-02-07,15.38032,-61.49182,1
2022,2022-02-07,15.3814,-61.48525,1
2022,2022-02-07,15.38367,-61.49303,5
2022,2022-02-08,15.31317,-61.42095,1
2022,2022-02-08,15.32048,-61.42923,1
2022,2022-02-08,15.31868,-61.45733,3
2022,2022-02-08,15.29997,-61.43965,1
2022,2022-02-08,15.27563,-61.42965,2
2022,2022-02-08,15.24603,-61.39645,1
2022,2022-02-08,15.25783,-61.40512,1
2022,2022-02-08,15.47843,-61.68852,1
2022,2022-02-09,15.27432,-61.4415,2
2022,2022-02-09,15.26558,-61.43595,2
2022,2022-02-09,15.24405,-61.42467,1
2022,2022-02-09,15.23713,-61.42603,1
2022,2022-02-09,15.23508,-61.43647,1
2022,2022-02-09,15.21987,-61.39078,2
2022,2022-02-09,15.19567,-61.39282,1
2022,2022-02-10,15.33638,-61.47992,4
2022,2022-02-10,15.33262,-61.47512,1
2022,2022-02-10,15.3445,-61.47808,1
2022,2022-02-10,15.32818,-61.46283,1
2022,2022-02-10,15.32102,-61.45535,1
2022,2022-02-10,15.2731,-61.4404,1
2022,2022-02-10,15.25575,-61.43047,1
2022,2022-02-11,15.23303,-61.41515,1
2022,2022-02-11,15.23503,-61.4346,2
2022,2022-02-11,15.25327,-61.4377,2
2022,2022-02-11,15.2547,-61.43965,1
2022,2022-02-11,15.25768,-61.45038,1
2022,2022-02-11,15.27627,-61.44642,2
2022,2022-02-11,15.31518,-61.46403,2
2022,2022-02-11,15.32695,-61.46613,4
2022,2022-02-11,15.32745,-61.46905,1
2022,2022-03-05,15.31392,-61.42492,1
2022,2022-03-05,15.33977,-61.50208,1
2022,2022-03-05,15.34152,-61.50112,1
2022,2022-03-05,15.34267,-61.4859,1
2022,2022-03-05,15.3475,-61.46873,2
2022,2022-03-05,15.34403,-61.44623,1
2022,2022-03-05,15.33562,-61.45018,1
2022,2022-03-05,15.31905,-61.43042,3
2022,2022-03-05,15.31375,-61.42823,1
2022,2022-03-05,15.32623,-61.43618,2
2022,2022-03-05,15.33173,-61.46865,2
2022,2022-03-05,15.33183,-61.48065,1
2022,2022-03-05,15.33183,-61.48065,1
2022,2022-03-05,15.33682,-61.48117,2
2022,2022-03-06,15.26978,-61.42278,1
2022,2022-03-06,15.28292,-61.42603,4
2022,2022-03-06,15.29922,-61.4338,1
2022,2022-03-06,15.34667,-61.4583,1
2022,2022-03-06,15.3531,-61.48045,1
2022,2022-03-06,15.3645,-61.49413,10
2022,2022-03-06,15.39672,-61.47905,5
2022,2022-03-06,15.41015,-61.48055,1
2022,2022-03-06,15.40817,-61.48798,2
2022,2022-03-07,15.26992,-61.43755,3
2022,2022-03-07,15.36165,-61.46145,1
2022,2022-03-07,15.36363,-61.47547,1
2022,2022-03-07,15.37255,-61.48477,1
2022,2022-03-07,15.3755,-61.48577,2
2022,2022-03-07,15.39378,-61.50658,1
2022,2022-03-07,15.39707,-61.51758,2
2022,2022-03-08,15.28792,-61.45162,1
2022,2022-03-08,15.29463,-61.46968,1
2022,2022-03-08,15.40847,-61.48737,2
2022,2022-03-08,15.4134,-61.48613,2
2022,2022-03-08,15.41325,-61.48618,2
2022,2022-03-08,15.40337,-61.4843,1
2022,2022-03-08,15.4033,-61.4874,6
2022,2022-03-08,15.4007,-61.4904,3
2022,2022-03-08,15.39718,-61.48967,3
2022,2022-03-08,15.39987,-61.48688,1
2022,2022-03-08,15.39983,-61.48703,2
2022,2022-03-08,15.39537,-61.48367,5
2022,2022-03-08,15.40188,-61.48607,7
2022,2022-03-09,15.34873,-61.46902,1
2022,2022-03-09,15.35623,-61.46698,1
2022,2022-03-09,15.362,-61.4856,3
2022,2022-03-09,15.40212,-61.49578,2
2022,2022-03-09,15.4431,-61.48487,4
2022,2022-03-09,15.41933,-61.479,1
2022,2022-03-09,15.4324,-61.48188,3
2022,2022-03-09,15.4085,-61.46788,1
2022,2022-03-11,15.33417,-61.45508,1
2022,2022-03-11,15.35982,-61.4666,1
2022,2022-03-11,15.38835,-61.46545,2
2022,2022-03-11,15.48253,-61.46552,3
2022,2022-03-11,15.37715,-61.46288,3
2022,2022-03-11,15.37422,-61.45902,4
2022,2022-03-11,15.37363,-61.45867,4
2022,2022-03-11,15.36665,-61.45217,1
2022,2022-03-11,15.36562,-61.4536,2
2022,2022-03-11,15.36152,-61.45917,2
2022,2022-03-11,15.35375,-61.47545,2
2022,2022-03-11,15.34615,-61.48612,1
2022,2022-03-11,15.35727,-61.48835,6
2022,2022-03-11,15.3725,-61.49158,2
2022,2022-03-11,15.37573,-61.49638,1
2022,2022-03-11,15.38092,-61.49973,2
2022,2022-03-11,15.38682,-61.5001,1
2022,2022-03-12,15.26938,-61.41503,3
2022,2022-03-12,15.25448,-61.41997,2
2022,2022-03-12,15.24622,-61.41388,2
2022,2022-03-12,15.46475,-61.49453,1
2022,2022-03-12,15.46617,-61.49925,1
2022,2022-03-12,15.47153,-61.50563,3
2022,2022-03-12,15.47658,-61.50353,1
2022,2022-03-12,15.44768,-61.49112,2
2022,2022-03-12,15.43593,-61.4961,2
2022,2022-03-12,15.43223,-61.50047,5
2022,2022-03-12,15.4248,-61.49668,8
2022,2022-03-13,15.24508,-61.4076,9
2022,2022-03-13,15.24403,-61.40922,9
2022,2022-03-13,15.24562,-61.40808,11
2022,2022-03-13,15.24908,-61.41257,5
2022,2022-03-13,15.24793,-61.41327,6
2022,2022-03-14,15.29033,-61.43122,3
2022,2022-03-14,15.29185,-61.42883,2
2022,2022-03-14,15.3223,-61.43715,3
2022,2022-03-14,15.34645,-61.44402,2
2022,2022-03-14,15.43718,-61.5056,5
2022,2022-03-14,15.4334,-61.50622,1
2022,2022-03-14,15.4343,-61.50755,1
2022,2022-03-14,15.4485,-61.52458,4
2022,2022-03-15,15.3671,-61.5043,2
2022,2022-03-15,15.36802,-61.49508,4
2022,2022-03-15,15.36408,-61.4925,2
2022,2022-03-15,15.35803,-61.48492,2
2022,2022-03-15,15.3593,-61.48167,6
2022,2022-03-15,15.36233,-61.46177,4
2022,2022-03-15,15.36453,-61.46062,3
2022,2022-03-15,15.38048,-61.46547,1
2022,2022-03-15,15.37685,-61.46493,5
2022,2022-03-15,15.3651,-61.45412,3
2022,2022-03-20,15.47708,-61.49632,4
2022,2022-03-22,15.25987,-61.42262,4
2022,2022-03-22,15.26537,-61.41928,1
2022,2022-03-22,15.2585,-61.41812,1
2022,2022-03-22,15.25022,-61.41388,3
2022,2022-03-22,15.24003,-61.4029,2
2022,2022-03-22,15.23432,-61.40515,1
2022,2022-03-22,15.23198,-61.40293,1
2022,2022-03-22,15.21665,-61.39575,2
2022,2022-03-22,15.21545,-61.4049,3
2022,2022-03-23,15.39278,-61.50643,4
2022,2022-03-23,15.39673,-61.49563,3
2022,2022-03-23,15.39087,-61.4892,1
2022,2022-03-23,15.38138,-61.48407,1
2022,2022-03-23,15.38013,-61.48468,1
2022,2022-03-23,15.37248,-61.47298,3
2022,2022-03-23,15.36498,-61.46835,1
2022,2022-03-23,15.33862,-61.44643,4
2022,2022-03-23,15.31238,-61.45077,2
2022,2022-03-23,15.27848,-61.4319,1
2022,2022-03-23,15.28178,-61.43007,1
2022,2022-03-24,15.32515,-61.45555,1
2022,2022-03-24,15.32662,-61.45052,7
2022,2022-03-24,15.30902,-61.44198,1
2022,2022-03-24,15.30382,-61.4276,3
2022,2022-03-24,15.29652,-61.2692,1
2022,2022-03-24,15.28488,-61.42423,1
2022,2022-03-24,15.2657,-61.41735,2
2022,2022-03-24,15.2678,-61.4125,3
2022,2022-03-24,15.26578,-61.41503,1
2022,2022-03-24,15.23178,-61.40617,2
2022,2022-03-24,15.23397,-61.40915,1
2022,2022-03-24,15.2477,-61.40795,1
2022,2022-03-24,15.2507,-61.4085,1
2022,2022-03-24,15.25992,-61.40797,2
2022,2022-03-24,15.26418,-61.41772,1
2022,2022-04-03,15.4776,-61.52095,1
2022,2022-04-04,15.34708,-61.46378,2
2022,2022-04-04,15.36812,-61.45407,2
2022,2022-04-04,15.36805,-61.46335,1
2022,2022-04-04,15.37028,-61.46242,2
2022,2022-04-04,15.37465,-61.46043,3
2022,2022-04-04,15.392,-61.46785,3
2022,2022-04-04,15.39105,-61.47665,2
2022,2022-04-04,15.39377,-61.4798,2
2022,2022-04-04,15.39475,-61.48868,1
2022,2022-04-04,15.417,-61.48983,1
2022,2022-04-04,15.41677,-61.4896,1
2022,2022-04-04,15.41603,-61.50475,1
2022,2022-04-04,15.46385,-61.50222,1
2022,2022-04-05,15.49278,-61.52745,1
2022,2022-04-05,15.47125,-61.49528,1
2022,2022-04-05,15.45725,-61.48758,1
2022,2022-04-05,15.4418,-61.4893,1
2022,2022-04-05,15.43615,-61.4881,3
2022,2022-04-05,15.4244,-61.48577,3
2022,2022-04-05,15.38837,-61.47257,2
2022,2022-04-05,15.36878,-61.45015,4
2022,2022-04-05,15.35645,-61.45435,1
2022,2022-04-05,15.3338,-61.43978,1
2022,2022-04-06,15.35937,-61.44378,3
2022,2022-04-06,15.35877,-61.4436,1
2022,2022-04-06,15.35377,-61.44348,2
2022,2022-04-06,15.3449,-61.44252,3
2022,2022-04-06,15.3259,-61.43077,1
2022,2022-04-06,15.31275,-61.43713,3
2022,2022-04-06,15.30952,-61.43572,2
2022,2022-04-06,15.3081,-61.4376,1
2022,2022-04-06,15.33408,-61.44547,2
2022,2022-04-06,15.31583,-61.44532,5
2022,2022-04-06,15.29763,-61.44197,2
2022,2022-04-06,15.28918,-61.4263,1
2022,2022-04-06,15.27883,-61.43032,4
2022,2022-04-07,15.29022,-61.4159,3
2022,2022-04-07,15.31942,-61.42218,5
2022,2022-04-07,15.33227,-61.4292,1
2022,2022-04-07,15.33502,-61.44232,4
2022,2022-04-07,15.36138,-61.44985,1
2022,2022-04-08,15.38008,-61.48568,1
2022,2022-04-08,15.38782,-61.50865,2
2022,2022-04-08,15.3866,-61.511,1
2022,2022-04-08,15.36915,-61.5166,2
2022,2022-04-08,15.36998,-61.51495,1
2022,2022-04-08,15.36783,-61.5036,1
2022,2022-04-08,15.36218,-61.48825,3
2022,2022-04-08,15.35567,-61.46445,2
2022,2022-04-08,15.39912,-61.47407,1
2022,2022-04-08,15.40802,-61.47358,1
2022,2022-04-08,15.41315,-61.47627,2
2022,2022-04-08,15.41515,-61.47838,1
2022,2022-04-08,15.42052,-61.48762,2
2022,2022-04-08,15.42088,-61.48877,1
2022,2022-04-08,15.40232,-61.49387,2
2022,2022-04-08,15.399,-61.49442,2
2022,2022-04-09,15.45187,-61.49843,2
2022,2022-04-09,15.4741,-61.50927,1
2022,2022-04-09,15.48932,-61.52613,2
2022,2022-04-09,15.49295,-61.52102,2
2022,2022-04-09,15.48518,-61.53413,4
2022,2022-04-10,15.2673,-61.42575,2
2022,2022-04-10,15.27295,-61.43155,1
2022,2022-04-10,15.27243,-61.43167,3
2022,2022-04-10,15.33915,-61.45948,1
2022,2022-04-10,15.35167,-61.45067,1
2022,2022-04-10,15.35843,-61.45553,3
2022,2022-04-10,15.39497,-61.46297,3
2022,2022-04-10,15.4026,-61.47378,1
2022,2022-04-10,15.40358,-61.47283,1
2022,2022-04-10,15.40105,-61.48047,1
2022,2022-04-11,15.26935,-61.45382,5
2022,2022-04-11,15.27575,-61.45872,5
2022,2022-04-11,15.416,-61.4778,2
2022,2022-04-11,15.3927,-61.4772,1
2022,2022-04-11,15.37932,-61.4673,3
2022,2022-04-11,15.3973,-61.47918,1
2022,2022-04-11,15.39895,-61.47995,4
2022,2022-04-11,15.4015,-61.47693,3
2022,2022-04-12,15.5111,-61.51093,2
2022,2022-04-12,15.53555,-61.51498,1
2022,2022-04-12,15.54157,-61.51477,3
2022,2022-04-12,15.55908,-61.51242,3
2022,2022-04-12,15.58292,-61.52357,1
2022,2022-04-12,15.58603,-61.52733,1
2022,2022-04-12,15.59327,-61.52887,4
2022,2022-04-13,15.49718,-61.52635,3
2022,2022-04-13,15.49173,-61.51788,1
2022,2022-04-13,15.4855,-61.51165,1
2022,2022-04-13,15.47245,-61.50647,1
2022,2022-04-13,15.4664,-61.5066,2
2022,2022-04-13,15.45302,-61.49712,1
2022,2022-04-13,15.435,-61.49288,1
2022,2022-04-13,15.42372,-61.49357,1
2022,2022-04-13,15.40722,-61.47943,1
2022,2022-05-22,15.36082,-61.44352,1
2022,2022-05-22,15.36933,-61.4555,2
2022,2022-05-22,15.37618,-61.46385,1
2022,2022-05-22,15.37845,-61.4692,1
2022,2022-05-22,15.3915,-61.46943,1
2022,2022-05-22,15.39157,-61.47795,4
2022,2022-05-23,15.41352,-61.49912,2
2022,2022-05-23,15.42227,-61.49555,4
2022,2022-05-23,15.43748,-61.50513,2
2022,2022-05-23,15.4409,-61.50473,2
2022,2022-05-23,15.45248,-61.51917,2
2022,2022-05-23,15.46437,-61.5421,1
2022,2022-05-25,15.49108,-61.54247,1
2022,2022-05-25,15.48723,-61.5337,1
2022,2022-05-26,15.42343,-61.54343,1
2022,2022-05-26,15.42243,-61.54802,2
2022,2022-05-26,15.41372,-61.54967,2
2022,2022-05-26,15.38545,-61.59173,2
2022,2022-05-26,15.37867,-61.56,
2022,2022-05-26,15.36955,-61.55373,
2022,2022-05-26,15.36013,-61.55133,1
2022,2022-05-26,15.35453,-61.5534,2
2022,2022-05-27,15.38497,-61.50727,3
2022,2022-05-27,15.40212,-61.49118,2
2022,2022-05-27,15.40212,-61.49118,1
2022,2022-06-10,15.47713,-61.51045,1
2022,2022-06-10,15.4108,-61.49418,2
2022,2022-06-10,15.41288,-61.50105,
2022,2022-06-10,15.41195,-61.4979,15
2022,2022-06-10,15.40358,-61.4892,5
2022,2022-06-10,15.40102,-61.4866,
2022,2022-06-11,15.48912,-61.50247,
2022,2022-06-11,15.50105,-61.49983,1
2022,2022-06-11,15.50983,-61.50297,5
2022,2022-06-11,15.51517,-61.50593,3
2022,2022-06-11,15.51845,-61.50567,1
2022,2022-06-11,15.5292,-61.51122,1
2022,2023-06-12,15.48888,-61.5341,
2022,2023-06-12,15.4995,-61.53147,1
2022,2023-06-12,15.48817,-61.53147,1
2022,2023-06-12,15.52378,-61.55667,2
2022,2023-06-12,15.52632,-61.55438,2
2022,2023-06-17,15.49923,-61.5676,4
2022,2023-06-17,15.50162,-61.55803,
2022,2023-06-17,15.5049,-61.55903,1
2022,2023-06-17,15.50292,-61.5478,2
2022,2023-06-17,15.50102,-61.54655,3
2022,2023-06-17,15.50238,-61.54515,1
2022,2023-06-17,15.49907,-61.52508,2
2022,2023-06-17,15.48967,-61.5259,4
2022,2023-06-17,15.47147,-61.52127,
2022,2023-06-17,15.43785,-61.51493,2
2022,2023-06-17,15.39285,-61.53845,1
2022,2023-06-18,15.62035,-61.55567,3
2022,2023-06-18,15.62535,-61.56128,2
2022,2023-06-18,15.51043,-61.49835,2
2022,2023-06-18,15.51125,-61.50282,1
2022,2023-06-18,15.53673,-61.52977,1
2022,2023-06-19,15.50848,-61.55242,4
2022,2023-06-19,15.5056,-61.54963,1
2022,2023-06-19,15.49947,-61.52973,
2022,2023-06-19,15.47978,-61.52108,1
2022,2023-06-19,15.46668,-61.51007,1
2022,2023-06-19,15.45665,-61.50383,2
2022,2023-06-19,15.4419,-61.50738,1
2022,2023-06-19,15.4168,-61.51095,2
2022,2023-06-19,15.42127,-61.51968,3
2022,2023-06-19,15.39578,-61.54047,3
2022,2022-07-11,15.33618,-61.45488,4
2022,2022-07-11,15.33255,-61.45918,2
2022,2022-07-11,15.32455,-61.46567,1
2022,2022-07-11,15.32068,-61.46222,4
2022,2022-07-11,15.3021,-61.45163,1
2022,2022-07-11,15.3021,-61.45163,1
2022,2022-07-11,15.30377,-61.44768,4
2022,2022-07-11,15.27795,-61.4391,1
2022,2022-07-12,15.27843,-61.41368,2
2022,2022-07-12,15.3175,-61.44932,3
2022,2022-07-12,15.31557,-61.4431,3
2022,2022-07-12,15.29353,-61.42853,3
2022,2022-07-12,15.29753,-61.43258,5
2022,2022-07-12,15.3316,-61.45907,1
2022,2022-07-12,15.34157,-61.46662,1
2022,2022-07-12,15.33435,-61.47783,2
2022,2022-07-12,15.33097,-61.48265,5
2022,2022-07-12,15.32858,-61.48975,3
2022,2022-07-13,15.2251,-61.4235,2
2022,2022-07-13,15.21927,-61.4235,2
2022,2022-07-13,15.22488,-61.40153,2
2022,2022-07-13,15.20737,-61.43408,5
2022,2022-07-13,15.2519,-61.41755,5
2022,2022-07-13,15.2739,-61.42863,1
2022,2022-07-14,15.30183,-61.5173,2
2022,2022-07-14,15.29133,-61.52283,1
2022,2022-07-14,15.28287,-61.53015,4
2022,2022-07-14,15.26373,-61.55193,3
2022,2022-07-15,15.35533,-61.49528,10
2022,2023-11-27,15.31882,-61.59497,2
2022,2023-11-27,15.29115,-61.59515,2
2022,2023-11-27,15.27993,-61.60733,1
2022,2023-11-27,15.27993,-61.60765,1
2022,2023-11-28,15.50583,-61.52572,2
2022,2023-11-28,15.47983,-61.51283,4
2022,2023-11-28,15.45768,-61.51727,3
2022,2023-11-28,15.44905,-61.50822,3
2022,2023-11-28,15.43467,-61.51702,1
2022,2023-11-29,15.41733,-61.5191,4
2022,2023-11-29,15.39292,-61.49927,2
2022,2023-11-29,15.37037,-61.48288,1
2022,2023-11-29,15.37805,-61.46285,1
2022,2023-11-29,15.356,-61.45778,3
2022,2023-11-29,15.34683,-61.44648,1
2022,2023-11-30,15.33457,-61.44448,4
2022,2023-11-30,15.34208,-61.44167,1
2022,2023-11-30,15.34767,-61.4467,1
2022,2023-11-30,15.35272,-61.45138,4
2022,2023-11-30,15.37473,-61.46297,1
2022,2023-11-30,15.39845,-61.47787,2
2022,2023-11-30,15.39963,-61.47445,1
2022,2023-11-30,15.398,-61.48183,1
2022,2023-11-30,15.37963,-61.47395,3
2022,2023-12-01,15.394,-61.48645,2
2022,2023-12-01,15.36817,-61.46863,2
2022,2023-12-01,15.36308,-61.45053,1
2022,2023-12-01,15.35962,-61.44753,1
2022,2023-12-01,15.34628,-61.45592,2
2022,2023-12-01,15.3361,-61.44537,1
2022,2023-12-01,15.3637,-61.45788,2
2022,2023-12-01,15.3558,-61.4553,1
2022,2023-12-01,15.35518,-61.44687,1
2022,2023-12-01,15.3572,-61.45155,1
2022,2023-12-04,15.23677,-61.42292,1
2022,2023-12-04,15.24675,-61.41937,1
2022,2023-12-04,15.24675,-61.41937,1
2022,2023-12-04,15.23693,-61.45493,1
2022,2023-12-04,15.23928,-61.45278,1
2022,2023-12-04,15.25638,-61.44127,1
2022,2023-12-04,15.252,-61.4546,1
2022,2023-12-04,15.27713,-61.45822,2
2022,2023-12-04,15.28303,-61.45703,1
2022,2023-12-04,15.29168,-61.44872,1
2022,2023-12-04,15.30713,-61.45443,1
2022,2023-12-04,15.33237,-61.45263,2
2022,2023-12-04,15.33675,-61.44362,4
2022,2023-12-05,15.20192,-61.41308,1
2022,2023-12-05,15.18673,-61.42575,1
2022,2023-12-05,15.20617,-61.42693,1
2022,2023-12-05,15.18832,-61.41663,1
2022,2023-12-05,15.19587,-61.40595,1
2022,2023-12-05,15.18925,-61.41002,1
2022,2023-12-05,15.23325,-61.40633,2
2022,2023-12-05,15.25535,-61.40877,2
2022,2023-12-05,15.25582,-61.41688,1
2022,2023-12-05,15.2808,-61.42148,1
2022,2023-12-05,15.28635,-61.42638,1
2022,2023-12-05,15.2866,-61.42482,1
2022,2023-12-05,15.2866,-61.42482,2
2022,2023-12-05,15.31727,-61.43067,1
2022,2023-12-05,15.31732,-61.43228,2
2022,2023-12-06,15.37252,-61.47278,1
2022,2023-12-06,15.37752,-61.46305,1
2022,2023-12-06,15.25367,-61.46,1
2022,2023-12-06,15.35193,-61.44883,1
2022,2023-12-06,15.34415,-61.44697,1
2022,2023-12-06,15.33813,-61.44858,2
2022,2023-12-06,15.33692,-61.43698,1
2022,2023-12-06,15.3033,-61.43253,1
2022,2023-12-06,15.36415,-61.44618,1
2022,2023-12-06,15.36618,-61.45222,2
2022,2023-12-06,15.38888,-61.4601,1
2022,2023-12-06,15.38575,-61.47088,1
2022,2023-12-06,15.40652,-61.47788,2
2022,2023-12-06,15.40975,-61.47473,2
2022,2023-12-07,15.36153,-61.50073,1
2022,2023-12-07,15.36153,-61.5,1
2022,2023-12-07,15.36,-61.49762,2
2022,2023-12-07,15.36007,-61.34657,1
2022,2023-12-07,15.345,-61.48072,2
2022,2023-12-07,15.3252,-61.46562,1
2022,2023-12-07,15.33117,-61.4616,1
2022,2023-12-07,15.32652,-61.45915,3
2022,2023-12-07,15.3252,-61.45517,2
2022,2023-12-07,15.31438,-61.45158,2
2022,2023-12-07,15.30822,-61.45067,7
2022,2023-12-08,15.2191,-61.40175,2
2022,2023-12-08,15.20907,-61.40222,1
2022,2023-12-08,15.22135,-61.40048,2
2022,2023-12-08,15.21667,-61.3996,1
2022,2023-12-08,15.2076,-61.39432,1
2022,2023-12-08,15.20015,-61.3906,4
2022,2023-12-08,15.19548,-61.39088,3
2022,2023-12-08,15.1925,-61.38422,3
2022,2023-12-08,15.19322,-61.38592,1
2022,2023-12-08,15.30833,-61.44632,1
2022,2023-12-08,15.31162,-61.44507,2
2022,2023-12-08,15.31833,-61.44453,5
2022,2023-12-08,15.3231,-61.44657,5
2022,2023-12-09,15.3622,-61.48942,1
2022,2023-12-09,15.35822,-61.46827,1
2022,2023-12-09,15.3456,-61.47357,2
2022,2023-12-09,15.3366,-61.47927,7
2022,2023-12-09,15.33553,-61.48012,1
2022,2023-12-09,15.33512,-61.48387,7
2022,2023-12-11,15.1316,-61.36557,1
2022,2023-12-12,15.32998,-61.4756,1
2022,2023-12-12,15.32723,-61.473,1
2022,2023-12-12,15.31553,-61.48578,1
2022,2023-12-12,15.31232,-61.4837,2
2022,2023-12-12,15.30277,-61.48215,1
2022,2023-12-12,15.2968,-61.48108,1
2022,2023-12-12,15.28882,-61.4811,12
2022,2023-12-13,15.3336,-61.46473,1
2022,2023-12-13,15.33708,-61.46307,1
2022,2023-12-13,15.34582,-61.50412,1
2022,2023-12-13,15.33577,-61.50785,3
2022,2023-12-13,15.328,-61.51108,1
2022,2023-12-13,15.31857,-61.5081,1
2022,2023-12-13,15.31383,-61.50817,2
2022,2023-12-13,15.3088,-61.50592,1
2022,2023-12-13,15.30733,-61.4995,1
2022,2023-12-13,15.29558,-61.5047,2
2022,2023-12-13,15.3005,-61.49367,2
2022,2023-12-13,15.28803,-61.49473,1
2022,2023-12-13,15.28063,-61.48477,1
2022,2023-12-13,15.27627,-61.48632,1
2022,2023-12-13,15.2725,-61.48325,1
2022,2023-12-13,15.27548,-61.476,1
2022,2023-12-13,15.25983,-61.47977,1
2022,2023-12-13,15.2558,-61.47157,1
2022,2023-12-13,15.25077,-61.46927,1
2022,2023-12-13,15.25252,-61.46507,2
2022,2023-12-14,15.1847,-61.39827,1
2022,2023-12-14,15.33175,-61.48938,3
2022,2023-12-14,15.32672,-61.4914,4
2022,2023-12-14,15.31218,-61.50212,2
2022,2023-12-15,15.23965,-61.41117,1
2022,2023-12-15,15.24618,-61.41372,2
2022,2023-12-15,15.21795,-61.40677,1
2022,2023-12-15,15.40958,-61.48455,1
2022,2023-12-15,15.3795,-61.47395,2
2022,2023-12-15,15.3727,-61.46317,1
2022,2023-12-15,15.34615,-61.44772,1
2022,2023-12-15,15.32995,-61.4438,3
2022,2023-12-16,15.27992,-61.426,5
2022,2023-12-16,15.25582,-61.35973,1
2022,2023-12-16,15.24105,-61.41523,1
2022,2023-12-16,15.23513,-61.41583,2
2022,2023-12-16,15.21658,-61.39925,1
2023,2023-03-05,15.31695,-61.50898,
2023,2023-03-05,15.31307,-61.47912,
2023,2023-03-05,15.31168,-61.4949,
2023,2023-03-05,15.30177,-61.4691,
2023,2023-03-05,15.29778,-61.45,
2023,2023-03-05,15.30078,-61.46363,
2023,2023-03-05,15.28938,-61.44907,
2023,2023-03-05,15.28545,-61.44873,
2023,2023-03-05,15.27332,-61.44223,
2023,2023-03-05,15.25608,-61.43353,
2023,2023-03-06,15.49365,-61.53568,
2023,2023-03-06,15.4995,-61.53235,
2023,2023-03-06,15.51003,-61.52675,
2023,2023-03-06,15.666,-61.52178,
2023,2023-03-06,15.53428,-61.53337,
2023,2023-03-06,15.54465,-61.52517,
2023,2023-03-07,15.5215,-61.54643,
2023,2023-03-07,15.543,-61.53497,
2023,2023-03-07,15.55232,-61.52315,
2023,2023-03-07,15.57415,-61.52985,
2023,2023-03-07,15.57745,-61.51933,
2023,2023-03-07,15.585,-61.51752,
2023,2023-03-07,15.58503,-61.51865,
2023,2023-03-07,15.58848,-61.52052,
2023,2023-03-07,15.60218,-61.52512,
2023,2023-03-07,15.60285,-61.52713,
2023,2023-03-08,15.41637,-61.5049,
2023,2023-03-09,15.49922,-61.54503,
2023,2023-03-09,15.52002,-61.56297,
2023,2023-03-10,15.36782,-61.48483,
2023,2023-03-10,15.33258,-61.43957,
2023,2023-03-10,15.33178,-61.44082,
2023,2023-03-10,15.33602,-61.44418,
2023,2023-03-10,15.3146,-61.44812,
2023,2023-03-10,15.3102,-61.45322,
2023,2023-03-10,15.30047,-61.4799,
2023,2023-03-10,15.30037,-61.4799,
2023,2024-03-15,15.36782,-61.48483,
2023,2024-03-15,15.33258,-61.43957,
2023,2024-03-15,15.33178,-61.44082,
2023,2024-03-15,15.33602,-61.44418,
2023,2024-03-15,15.3146,-61.44812,
2023,2024-03-15,15.3102,-61.45322,
2023,2024-03-15,15.30047,-61.4799,
2023,2024-03-15,15.30037,-61.4799,
2023,2023-03-16,15.54993,-61.5155,
2023,2023-03-16,15.59432,-61.5327,
2023,2023-03-16,15.5916,-61.5497,6
2023,2023-03-16,15.60807,-61.56388,
2023,2023-03-16,15.60522,-61.56782,
2023,2023-03-17,15.53192,-61.52185,
2023,2023-03-17,15.57733,-61.52407,
2023,2023-03-17,15.57052,-61.53103,
2023,2023-03-17,15.54903,-61.52098,
2023,2023-03-17,15.54467,-61.52522,
2023,2023-03-17,15.52017,-61.5209,
2023,2023-03-17,15.51762,-61.51877,
2023,2023-03-17,15.51307,-61.52657,
2023,2023-03-18,15.26383,-61.46278,
2023,2023-03-18,15.2965,-61.45967,
2023,2023-03-18,15.32867,-61.4663,
2023,2023-03-18,15.33055,-61.46785,
2023,2023-03-18,15.33113,-61.47078,
2023,2023-03-18,15.3409,-61.4928,
2023,2023-03-18,15.36343,-61.51178,
2023,2023-03-19,15.23598,-61.51243,4
2023,2023-03-19,15.24725,-61.5114,
2023,2023-03-19,15.25088,-61.5101,
2023,2023-03-19,15.25765,-61.50758,
2023,2023-03-21,15.4837,-61.50117,
2023,2023-03-21,15.466,-61.50348,
2023,2023-03-21,15.46728,-61.4982,
2023,2023-03-21,15.47153,-61.50472,
2023,2023-03-22,15.17727,-61.43023,
2023,2023-03-22,15.17533,-61.43365,
2023,2023-03-22,15.16873,-61.43087,
2023,2023-03-22,15.17022,-61.43113,
2023,2023-03-22,15.155,-61.42225,
2023,2023-03-22,15.15483,-61.43167,
2023,2023-03-22,15.15158,-61.42982,
2023,2023-03-22,15.15158,-61.42982,
2023,2023-03-24,15.2408,-61.4703,
2023,2023-03-24,15.26702,-61.46792,
2023,2023-03-24,15.3025,-61.45253,
2023,2023-03-24,15.28522,-61.4589,
2023,2023-03-24,15.28967,-61.4625,
2023,2023-03-24,15.30555,-61.44965,
2023,2023-03-24,15.28233,-61.42742,
2023,2023-03-24,15.28298,-61.42297,
2023,2023-03-24,15.25727,-61.41245,
2023,2023-03-24,15.25878,-61.42187,
2023,2023-03-24,15.24925,-61.41763,
2023,2023-03-25,15.30342,-61.42997,
2023,2023-03-25,15.30122,-61.4446,
2023,2023-03-25,15.2663,-61.4074,
2023,2023-03-25,15.26238,-61.4046,
2023,2023-03-25,15.41915,-61.49038,
2023,2024-03-04,15.42472,-61.51852,1
2023,2024-03-04,15.42165,-61.53582,1
2023,2024-04-05,15.6437,-61.58665,2
2023,2024-04-05,15.64883,-61.57877,3
2023,2024-04-05,15.65032,-61.57695,1
2023,2024-04-05,15.66012,-61.41152,1
2023,2024-04-05,15.6621,-61.58977,1
2023,2024-04-05,15.6665,-61.58593,1
2023,2024-04-05,15.66348,-61.59087,1
2023,2024-04-05,15.3525,-61.44218,1
2023,2024-04-05,15.36548,-61.45138,1
2023,2024-04-05,15.36902,-61.45012,1
2023,2024-04-06,15.5102,-61.50172,1
2023,2024-04-06,15.5008,-61.49735,1
2023,2024-04-06,15.50153,-61.49862,1
2023,2024-04-06,15.49453,-61.48468,1
2023,2024-04-06,15.48883,-61.49752,2
2023,2024-04-06,15.455,-61.4854,1
2023,2024-04-06,15.47252,-61.4872,2
2023,2024-04-06,15.47233,-61.49108,2
2023,2024-04-06,15.47348,-61.48975,2
2023,2024-04-06,15.49725,-61.50273,2
2023,2024-04-06,15.48383,-61.5016,1
2023,2024-04-06,15.49017,-61.49575,1
2023,2024-04-06,15.48213,-61.49353,1
2023,2024-04-06,15.4815,-61.49327,1
2023,2024-04-06,15.47757,-61.49052,1
2023,2024-04-06,15.4692,-61.50882,3
2023,2024-04-07,15.4202,-61.48682,1
2023,2024-04-07,15.41705,-61.47453,
2023,2024-04-07,15.45052,-61.49207,
2023,2024-04-07,15.48607,-61.49277,
2023,2024-04-07,15.49497,-61.5107,
2023,2024-04-07,15.54478,-61.4995,
2023,2024-04-24,15.28433,-61.51353,
2023,2024-04-24,15.31725,-61.33418,
2023,2024-04-24,15.31463,-61.5052,
2023,2024-04-24,15.31333,-61.5037,
2023,2024-04-24,15.3053,-61.50112,
2023,2024-04-25,15.2458,-61.44225,1
2023,2024-04-25,15.23727,-61.43773,2
2023,2024-04-25,15.24683,-61.48147,
2023,2024-04-25,15.26512,-61.49568,
2023,2024-04-25,15.26908,-61.51137,
2023,2024-04-25,15.26817,-61.34677,
2023,2024-04-25,15.27777,-61.51553,
2023,2024-05-21,15.2636,-61.44557,
2023,2024-05-21,15.25283,-61.451,
2023,2024-05-21,15.25223,-61.4515,
2023,2024-05-21,15.24488,-61.45278,
2023,2024-05-21,15.24977,-61.46617,
2023,2024-05-21,15.25445,-61.47318,
2023,2024-05-21,15.25878,-61.47495,
2023,2024-05-21,15.25898,-61.4763,
2023,2024-05-21,15.25833,-61.47567,
2023,2024-05-22,15.5492,-61.60328,
2023,2024-05-22,15.5468,-61.6008,
2023,2024-05-22,15.55297,-61.60468,
2023,2024-05-22,15.55302,-61.60297,
2023,2024-05-23,15.3373,-61.43938,
2023,2024-05-23,15.33768,-61.43803,
2023,2024-05-23,15.33778,-61.43343,
2023,2024-05-23,15.32765,-61.44967,
2023,2024-05-23,15.31467,-61.43295,
2023,2024-05-23,15.30912,-61.42885,
2023,2024-05-23,15.29395,-61.45042,
2023,2024-05-23,15.29345,-61.45243,
2023,2024-05-23,15.29658,-61.45607,
2023,2024-05-26,15.24827,-61.4637,
2023,2024-05-26,15.27863,-61.47625,
2023,2024-05-26,15.28107,-61.47657,
2023,2024-05-26,15.28405,-61.4824,
2023,2024-05-26,15.30035,-61.484,
2023,2024-05-26,15.33465,-61.48348,
2023,2024-05-26,15.3459,-61.47005,
2023,2024-05-26,15.34685,-61.46983,
2023,2024-05-26,15.34808,-61.47468,
2023,2024-06-01,15.54393,-61.59835,
2023,2024-06-01,15.55472,-61.59833,
2023,2024-06-01,15.57278,-61.60085,
2023,2024-06-01,15.57265,-61.60278,2
2023,2024-06-15,15.2809,-61.42698,
2023,2024-06-15,15.28803,-61.4193,
2023,2024-06-15,15.3009,-61.43733,
2023,2024-06-15,15.30885,-61.43608,
2023,2024-06-15,15.33753,-61.44545,
2023,2024-06-15,15.38815,-61.47743,
2023,2024-06-15,15.39692,-61.48872,
2023,2024-06-16,15.43915,-61.49888,
2023,2024-06-16,15.41435,-61.49195,
2023,2024-06-16,15.40248,-61.48815,
2023,2024-06-16,15.39255,-61.47667,
2023,2024-06-16,15.3812,-61.46857,
2023,2024-06-16,15.36822,-61.46247,
2023,2024-06-16,15.36338,-61.46048,
2023,2024-06-16,15.36065,-61.44857,
2023,2024-06-16,15.34783,-61.45228,
2023,2024-06-17,15.26415,-61.4697,
2023,2024-06-17,15.26735,-61.46053,
2023,2024-06-17,15.26653,-61.45423,
2023,2024-06-17,15.28107,-61.4481,
2023,2024-06-17,15.26275,-61.44517,
2023,2024-06-17,15.25865,-61.42692,
2023,2024-06-17,15.25785,-61.4243,
2023,2024-06-17,15.24595,-61.42247,
2023,2024-06-17,15.37152,-61.54485,
2023,2024-06-17,15.3803,-61.53952,
2023,2024-06-27,15.5201,-61.52753,
2023,2024-06-27,15.52005,-61.50437,
2023,2024-06-27,15.51567,-61.5044,
2023,2024-06-27,15.50993,-61.5006,
2023,2024-06-29,15.24382,-61.53158,
2023,2024-06-29,15.24398,-61.52588,
2023,2024-06-30,15.29173,-61.5967,
2023,2024-06-30,15.28478,-61.61663,
2023,2024-11-19,15.34608,-61.56302,
2023,2024-11-19,15.3474,-61.58082,
2023,2024-11-19,15.34653,-61.5867,
2023,2024-11-19,15.357,-61.57968,
2023,2024-11-19,15.38233,-61.5984,
2023,2024-11-19,15.3884,-61.60062,
2023,2024-11-19,15.40455,-61.60565,
2023,2024-11-19,15.42372,-61.60788,
2023,2024-11-20,15.55007,-61.52525,8
2023,2024-11-20,15.5547,-61.52258,8
2023,2024-11-23,15.61062,-61.60387,
2023,2024-11-26,15.33155,-61.43785,3
2023,2024-11-26,15.336,-61.43833,1
2023,2024-11-26,15.32855,-61.43938,1
2023,2024-11-26,15.34902,-61.44617,1
2023,2024-11-26,15.35613,-61.45273,1
2023,2024-11-26,15.37065,-61.45147,1
2023,2024-11-26,15.37102,-61.45357,1
2023,2024-11-26,15.37865,-61.45903,1
2023,2024-11-26,15.39425,-61.45868,
2023,2024-11-27,15.58653,-61.58983,1
2023,2024-11-28,15.47093,-61.52683,
2023,2024-11-28,15.42502,-61.42905,
2023,2024-11-29,15.32972,-61.44485,1
2023,2024-11-29,15.32412,-61.43607,2
2023,2024-11-29,15.30573,-61.44078,1
2023,2024-11-29,15.325,-61.43818,1
2023,2024-11-29,15.36697,-61.4575,1
2023,2024-11-29,15.38378,-61.47503,2
2023,2024-11-30,15.45318,-61.51965,2
2023,2024-11-30,15.43763,-61.50262,1
2023,2024-11-30,15.42983,-61.51683,1
2023,2024-11-30,15.4303,-61.53363,2
2023,2024-11-30,15.40998,-61.52722,
2023,2024-12-01,15.2759,-61.43465,
2023,2024-12-01,15.24905,-61.43953,
2023,2024-12-01,15.24427,-61.4411,3
2023,2024-12-01,15.24023,-61.45025,
2023,2024-12-01,15.23773,-61.46333,
2023,2024-12-01,15.23833,-61.46167,
2023,2024-12-01,15.23705,-61.46543,
2023,2024-12-01,15.23685,-61.47378,
2023,2024-12-03,15.55753,-61.61153,2
2023,2024-12-03,15.5604,-61.60462,1
2023,2024-12-03,15.56467,-61.58865,1
2023,2024-12-04,15.3855,-61.51575,2
2023,2024-12-04,15.38952,-61.49507,
2023,2024-12-04,15.37398,-61.49073,1
2023,2024-12-04,15.36748,-61.46827,
2023,2024-12-04,15.3609,-61.46862,
2023,2024-12-04,15.34797,-61.45893,
2023,2024-12-05,15.00045,-61.00052,1
2023,2024-12-05,15.4751,-61.51017,1
2023,2024-12-05,15.49598,-61.5027,1
2023,2024-12-06,15.39527,-61.50965,1
2023,2024-12-06,15.53998,-61.5221,1
2023,2024-12-06,15.53847,-61.51272,1
2023,2024-12-06,15.5086,-61.51202,1
2023,2024-12-06,15.50867,-61.50202,2
2023,2024-12-07,15.4935,-61.51527,2
2023,2024-12-07,15.49558,-61.50488,1
2023,2024-12-07,15.4772,-61.5062,2
2023,2024-12-07,15.4714,-61.5114,1
2023,2024-12-07,15.457,-61.50827,1
2023,2024-12-07,15.45542,-61.50268,1
2023,2024-12-07,15.45332,-61.50293,1
2023,2024-12-07,15.44632,-61.5173,1
2023,2024-12-08,15.36755,-61.47815,1
2023,2024-12-08,15.36302,-61.4782,1
2023,2024-12-08,15.35072,-61.4545,2
2023,2024-12-08,15.34327,-61.45752,2
2023,2024-12-08,15.34583,-61.45153,4
2023,2024-12-08,15.34815,-61.44858,1
2023,2024-12-08,15.36547,-61.45833,1
2023,2024-12-11,15.34492,-61.44662,2
2023,2024-12-11,15.33883,-61.44973,1
2023,2024-12-11,15.34307,-61.45095,2
2023,2024-12-11,15.34055,-61.45448,2
2023,2024-12-11,15.344,-61.45657,1
2023,2024-12-11,15.3517,-61.45998,5
2023,2024-12-11,15.37595,-61.48248,1
2023,2024-12-12,15.3235,-61.53683,
2023,2024-12-12,15.33562,-61.52172,
2023,2024-12-12,15.33873,-61.51637,
2023,2024-12-12,15.36418,-61.52142,
2023,2024-12-12,15.36698,-61.52163,
2023,2024-12-13,15.26582,-61.40893,1
2023,2024-12-13,15.30975,-61.5246,1
2023,2024-12-14,15.4012,-61.55045,
2023,2024-12-14,15.39945,-61.55073,
2023,2024-12-14,15.39923,-61.56878,
2023,2024-12-14,15.40038,-61.56715,
2023,2024-12-14,15.38983,-61.6066,
2023,2024-12-14,15.38887,-61.60593,
2023,2024-12-16,15.3846,-61.50375,2
2023,2024-12-16,15.37877,-61.48695,1
2023,2024-12-16,15.3744,-61.47893,2
2023,2024-12-16,15.34822,-61.4714,2
2023,2024-12-16,15.34237,-61.46335,1
2023,2024-12-16,15.32648,-61.45605,1
2023,2024-12-16,15.32558,-61.44202,
2023,2024-12-16,15.3251,-61.43262,
2023,2024-12-16,15.33045,-61.43172,
2024,2024-03-01,15.51917,-61.50343,
2024,2024-03-01,15.5161,-61.49943,
2024,2024-03-01,15.51435,-61.4955,
2024,2024-03-02,15.34402,-61.4604,
2024,2024-03-02,15.36345,-61.45418,
2024,2024-03-02,15.37802,-61.45622,
2024,2024-03-02,15.4092,-61.46748,
2024,2024-03-03,15.21802,-61.42052,
2024,2024-03-03,15.2284,-61.40417,
2024,2024-03-03,15.2132,-61.39993,
2024,2024-03-03,15.21662,-61.3947,
2024,2024-03-03,15.22248,-61.37497,
2024,2024-03-03,15.22033,-61.39937,
2024,2024-03-03,15.22958,-61.39492,
2024,2024-03-03,15.23368,-61.39478,
2024,2024-03-03,15.22617,-61.40177,
2024,2024-03-03,15.22575,-61.40337,
2024,2024-03-03,15.2492,-61.39627,
2024,2024-03-03,15.25557,-61.39588,
2024,2024-03-03,15.27232,-61.40105,
2024,2024-03-03,15.28452,-61.41023,
2024,2024-03-04,15.22908,-61.40107,
2024,2024-03-04,15.22743,-61.39913,
2024,2024-03-04,15.25058,-61.40648,
2024,2024-03-04,15.25533,-61.40905,
2024,2024-03-04,15.27758,-61.42178,
2024,2024-03-04,15.27698,-61.42745,
2024,2024-03-04,15.29215,-61.43838,
2024,2024-03-04,15.28143,-61.4437,
2024,2024-03-04,15.3016,-61.43973,
2024,2024-03-04,15.29747,-61.43483,
2024,2024-03-04,15.31912,-61.4328,
2024,2024-03-04,15.31178,-61.4314,
2024,2024-03-04,15.30882,-61.427,
2024,2024-03-06,15.35137,-61.45143,
2024,2024-03-06,15.3537,-61.45088,
2024,2024-03-06,15.38172,-61.4735,
2024,2024-03-06,15.41463,-61.4777,
2024,2024-03-06,15.39947,-61.4649,
2024,2024-03-06,15.37993,-61.4569,
2024,2024-03-06,15.37738,-61.46075,
2024,2024-03-06,15.37383,-61.45515,
2024,2024-03-07,15.3415,-61.45535,3
2024,2024-03-07,15.3363,-61.4548,
2024,2024-03-07,15.31798,-61.43573,
2024,2024-03-07,15.30403,-61.43832,
2024,2024-03-07,15.30157,-61.44142,
2024,2024-03-08,15.2634,-61.4406,
2024,2024-03-08,15.265,-61.45478,
2024,2024-03-08,15.26318,-61.45787,
2024,2024-03-08,15.25177,-61.45607,
2024,2024-03-08,15.26073,-61.46932,
2024,2024-03-08,15.27767,-61.45313,
2024,2024-03-08,15.2736,-61.45062,
2024,2024-03-08,15.30433,-61.45352,
2024,2024-03-08,15.30308,-61.4514,
2024,2024-03-09,15.34073,-61.45293,
2024,2024-03-09,15.3505,-61.45233,
2024,2024-03-09,15.3571,-61.45037,
2024,2024-03-09,15.37057,-61.45225,
2024,2024-03-09,15.37233,-61.46,
2024,2024-03-09,15.37438,-61.45902,
2024,2024-03-09,15.38185,-61.4713,
2024,2024-03-09,15.38907,-61.4744,
2024,2024-03-10,15.23682,-61.4474,1
2024,2024-03-10,15.24407,-61.45062,
2024,2024-03-10,15.28462,-61.45793,
2024,2024-03-10,15.29017,-61.46625,
2024,2024-03-10,15.28403,-61.48857,
2024,2024-03-10,15.28527,-61.4888,
2024,2024-03-10,15.3031,-61.48477,
2024,2024-03-10,15.31037,-61.49228,
2024,2024-03-10,15.30523,-61.49252,
2024,2024-03-10,15.30645,-61.50225,
2024,2024-03-10,15.31285,-61.50223,
2024,2024-03-10,15.32465,-61.50492,
2024,2024-03-10,15.32928,-61.50803,
2024,2024-03-10,15.32257,-61.5087,
2024,2024-03-10,15.34237,-61.5091,
2024,2024-03-10,15.34302,-61.5188,
2024,2024-05-19,15.37608,-61.49447,
2024,2024-05-19,15.37597,-61.50037,
2024,2024-05-19,15.37168,-61.49455,
2024,2024-05-19,15.35512,-61.48345,
2024,2024-05-19,15.35243,-61.48267,
2024,2024-05-19,15.03388,-61.47285,
2024,2024-05-19,15.33455,-61.46728,
2024,2024-05-19,15.3222,-61.46202,
2024,2024-05-19,15.30862,-61.44022,
2024,2024-05-19,15.31335,-61.44972,
2024,2024-05-23,15.49005,-61.51723,1
2024,2024-05-23,15.55288,-61.52318,1
2024,2024-05-23,15.55925,-61.51588,1
2024,2024-05-23,15.57548,-61.52347,3
2024,2024-05-27,15.45457,-61.51617,
2024,2024-05-28,15.4621,-61.53735,
2024,2024-05-28,15.46493,-61.53487,
2024,2024-05-29,15.58525,-61.54513,
2024,2024-06-02,15.5919,-61.61357,
2024,2024-06-03,15.43008,-61.5696,
2024,2024-06-03,15.42632,-61.5788,
2024,2024-06-05,15.25957,-61.47147,
2024,2024-06-05,15.2598,-61.47282,
2024,2024-06-06,15.57162,-61.52612,
2024,2024-06-06,15.58835,-61.52827,
2024,2024-06-06,15.59085,-61.5319,
2024,2024-07-19,15.4275,-61.49537,
2024,2024-07-19,15.41458,-61.48207,
2024,2024-07-19,15.41613,-61.4816,
2024,2024-07-19,15.41933,-61.48517,
2024,2024-07-19,15.41843,-61.48508,
2024,2024-07-19,15.4035,-61.47797,
2024,2024-07-19,15.39888,-61.47945,
2024,2024-07-19,15.40053,-61.47217,
2024,2024-07-19,15.38822,-61.46818,
2024,2024-07-19,15.37525,-61.39017,
2024,2024-07-19,15.37797,-61.47848,
2024,2024-07-20,15.44288,-61.57077,
2024,2024-07-20,15.44407,-61.39533,
2024,2024-07-20,15.44093,-61.38965,
2024,2024-07-20,15.46715,-61.5491,
2024,2024-07-20,15.45098,-61.54457,
2024,2024-07-20,15.47277,-61.53813,
2024,2024-07-20,15.47523,-61.5411,
2024,2024-07-20,15.4884,-61.53662,
2024,2024-07-23,15.51322,-61.58433,
2024,2024-07-23,15.53528,-61.53817,
2024,2024-07-23,15.53777,-61.54862,
2024,2024-07-23,15.5429,-61.52365,
2024,2024-07-23,15.5304,-61.50803,
2024,2024-07-23,15.52803,-61.50568,
2024,2024-07-23,15.51848,-61.50798,
2024,2024-07-23,15.51392,-61.51322,
2024,2024-07-23,15.5142,-61.51225,
2024,2024-07-24,15.37542,-61.53648,
2024,2024-07-24,15.37345,-61.53197,
2024,2024-07-24,15.53887,-61.5206,
2024,2024-07-24,15.3944,-61.5259,
2024,2024-07-24,15.38675,-61.50265,
2024,2024-07-24,15.49085,-61.4927,
2024,2024-07-25,15.56968,-61.51998,
2024,2024-07-25,15.57957,-61.52995,
2024,2024-07-25,15.57693,-61.53085,
2024,2024-07-25,15.56612,-61.54465,
2024,2024-07-25,15.5567,-61.54692,
2024,2024-07-25,15.53615,-61.545,
2024,2024-07-25,15.52555,-61.54247,
2024,2024-07-25,15.51763,-61.53298,
2024,2024-07-25,15.5022,-61.51505,
2024,2024-07-25,15.39857,-61.52797,
2024,2024-07-25,15.48722,-61.5175,
2024,2024-07-25,15.48613,-61.51715,
2024,2024-07-25,15.4914,-61.51087,
2024,2024-07-25,15.49202,-61.50208,
2024,2024-07-25,15.3245,-61.49918,
2024,2024-07-25,15.48485,-61.50528,13
2024,2024-07-26,15.5987,-61.53303,
2024,2024-07-26,15.53483,-61.52028,
2024,2024-07-26,15.53518,-61.53132,
2024,2024-07-26,15.5346,-61.53762,
2024,2024-07-26,15.53228,-61.54152,
2024,2024-07-26,15.51077,-61.54233,
2024,2024-07-26,15.51315,-61.5553,
2024,2024-07-26,15.50735,-61.56555,
2024,2024-07-26,15.50025,-61.57702,
2024,2024-07-26,15.47928,-61.58848,
2024,2024-07-26,15.46897,-61.59202,
2024,2024-07-26,15.47478,-61.59585,
2024,2024-07-27,15.49463,-61.52425,
2024,2024-07-27,15.45983,-61.53758,
2024,2024-07-27,15.49067,-61.51275,
2024,2024-07-27,15.45548,-61.5128,
2024,2024-07-27,15.44175,-61.51517,
2024,2024-07-27,15.43135,-61.51607,
2024,2024-07-27,15.43105,-61.52287,
2024,2024-07-27,15.41583,-61.5263,
2024,2024-07-27,15.40632,-61.53127,
2024,2024-07-27,15.4014,-61.5484,
2024,2024-07-28,15.61107,-61.53798,
2024,2024-07-28,15.61793,-61.53333,
2024,2024-07-28,15.60518,-61.5471,
2024,2024-07-28,15.60867,-61.54648,
2024,2025-12-01,15.22543,-61.48407,
2024,2025-12-01,15.21667,-61.49733,
2024,2025-12-01,15.2147,-61.49353,
2024,2025-12-01,15.2108,-61.4879,
2024,2025-12-01,15.24392,-61.4995,
2024,2025-12-01,15.24392,-61.33503,
2024,2025-12-01,15.256,-61.47763,
2024,2025-12-01,15.2824,-61.48802,
2024,2025-12-01,15.30428,-61.4658,
2024,2025-12-02,15.34237,-61.50503,
2024,2025-12-02,15.32427,-61.51158,
2024,2025-12-02,15.32785,-61.51323,
2024,2025-12-02,15.34835,-61.52353,
2024,2025-12-02,15.33375,-61.53218,4
2024,2025-12-02,15.35795,-61.52257,4
2024,2025-12-03,15.30535,-61.4414,
2024,2025-12-03,15.30602,-61.44675,
2024,2025-12-03,15.32267,-61.45452,
2024,2025-12-03,15.33315,-61.4777,
2024,2025-12-03,15.34037,-61.47927,
2024,2025-12-03,15.34262,-61.48383,
2024,2025-12-03,15.33292,-61.5012,
2024,2025-12-03,15.40038,-61.47055,
2024,2025-12-03,15.37115,-61.4616,
2024,2025-12-03,15.37328,-61.45432,
2024,2025-12-03,15.34558,-61.4587,
2024,2025-12-03,15.34518,-61.44487,
2024,2025-12-03,15.34323,-61.44495,
2024,2025-12-03,15.29478,-61.44868,
2024,2025-12-03,15.33762,-61.45193,
2024,2025-12-03,15.37917,-61.336,
2024,2025-12-03,15.3682,-61.48462,
2024,2025-12-03,15.37233,-61.47877,
2024,2025-12-03,15.37203,-61.44042,
2024,2025-12-03,15.36993,-61.47045,
2024,2025-12-03,15.36555,-61.46422,
2024,2025-12-03,15.36037,-61.45858,2
2024,2025-12-03,15.34703,-61.44545,1
2024,2025-12-03,15.33922,-61.45052,1
2024,2025-12-03,15.3183,-61.43445,3
2024,2025-12-03,15.356,-61.47397,
2024,2025-12-03,15.34533,-61.46323,
2024,2025-12-03,15.33485,-61.45762,
2024,2025-12-03,15.32305,-61.45937,
2024,2025-12-03,15.30915,-61.48213,
2024,2025-12-03,15.30313,-61.45443,
2024,2025-12-03,15.28037,-61.43947,
2024,2025-12-03,15.28792,-61.44652,
2024,2025-12-03,15.20132,-61.47525,
2024,2025-12-03,15.19745,-61.48378,
2024,2025-12-03,15.19703,-61.48865,
2024,2025-12-03,15.19302,-61.49395,
2024,2025-12-03,15.22157,-61.50293,
2024,2025-12-03,15.21687,-61.505,
2024,2025-12-03,15.23747,-61.51667,
2024,2025-12-03,15.20718,-61.45498,
2024,2025-12-03,15.18457,-61.45408,
2024,2025-12-03,15.17865,-61.43862,
2024,2025-12-03,15.18037,-61.46542,
2024,2025-12-03,15.13207,-61.47237,
2024,2025-12-03,15.11562,-61.45602,
2024,2025-12-03,15.12613,-61.45385,
2024,2025-12-03,15.26163,-61.52803,
2024,2025-12-03,15.26035,-61.52265,3
2024,2025-12-03,15.26072,-61.51627,14
2024,2025-12-03,15.21928,-61.43715,
2024,2025-12-03,15.2139,-61.49125,
2024,2025-12-03,15.21385,-61.45398,
2024,2025-12-03,15.21263,-61.45575,
2024,2025-12-03,15.21295,-61.43925,8
2024,2025-12-03,15.21343,-61.43272,
2024,2025-12-03,15.21343,-61.4251,
2024,2025-12-03,15.21253,-61.40952,4
2024,2025-12-03,15.19232,-61.40857,
2024,2025-12-03,15.18367,-61.40958,
2024,2025-12-03,15.18333,-61.40833,
2024,2025-12-03,15.18358,-61.39005,
2024,2025-12-03,15.18345,-61.38917,
2024,2025-12-03,15.18043,-61.38403,3
2024,2025-12-03,15.18307,-61.38212,
2024,2025-12-03,15.166,-61.37755,
2024,2025-12-03,15.16457,-61.36708,
2024,2025-12-03,15.37473,-61.46357,
2024,2025-12-03,15.37133,-61.436,
2024,2025-12-03,15.45627,-61.46852,4
2024,2025-12-03,15.44818,-61.46373,6
2024,2025-12-03,15.38888,-61.47093,
2024,2025-12-03,15.39903,-61.4732,
2024,2025-12-03,15.1892,-61.39963,
2024,2025-12-03,15.19473,-61.39887,
2024,2025-12-03,15.55047,-61.66853,9
2024,2025-12-03,15.1892,-61.39963,
2024,2025-12-03,15.19473,-61.39887,
2024,2025-12-03,15.30753,-61.4599,
2024,2025-12-03,15.31935,-61.44355,
2024,2025-12-03,15.32538,-61.44535,
2024,2025-12-03,15.30148,-61.46412,
2024,2025-12-03,15.28312,-61.46165,
2024,2025-12-03,15.27368,-61.44828,
2024,2025-12-03,15.26128,-61.47827,
2024,2025-12-03,15.25843,-61.4742,
2024,2025-12-03,15.25133,-61.47218,
2025,2025-04-27,15.30355,-61.39257,
2025,2025-04-27,15.29703,-61.5896,
2025,2025-04-27,15.3124,-61.60842,
2025,2025-04-27,15.31105,-61.62155,
2025,2025-04-27,15.31067,-61.6307,
2025,2025-04-27,15.312,-61.62883,
2025,2025-04-27,15.3111,-61.63005,4
2025,2025-04-27,15.31673,-61.6292,
2025,2025-04-27,15.40245,-61.5496,
2025,2025-04-27,15.4066,-61.54853,
2025,2025-04-27,15.40855,-61.54385,
2025,2025-04-27,15.40405,-61.53533,
2025,2025-04-27,15.40353,-61.5346,
2025,2025-04-27,15.4038,-61.52602,
2025,2025-04-27,15.40835,-61.52253,
2025,2025-04-27,15.38783,-61.53243,
2025,2025-04-27,15.33968,-61.47262,
2025,2025-04-27,15.32842,-61.46915,
2025,2025-04-27,15.32983,-61.47222,
2025,2025-04-27,15.33085,-61.47403,
2025,2025-04-27,15.3381,-61.48322,
2025,2025-04-27,15.33318,-61.48917,
2025,2025-04-27,15.33365,-61.49927,
2025,2025-04-27,15.34283,-61.50198,
2025,2025-04-27,15.34488,-61.50362,
2025,2025-04-27,15.3685,-61.52668,
2025,2025-04-27,15.37077,-61.53715,
2025,2025-04-27,15.3782,-61.53928,
2025,2025-04-27,15.37287,-61.55848,
2025,2025-04-27,15.37325,-61.56035,
2025,2025-04-27,15.38427,-61.55885,
2025,2025-04-27,15.4818,-61.53868,
2025,2025-04-27,15.48863,-61.54737,
2025,2025-04-27,15.49465,-61.53802,
2025,2025-04-27,15.4964,-61.53858,
2025,2025-04-27,15.50282,-61.56362,
2025,2025-04-27,15.50667,-61.57192,
2025,2025-04-27,15.50728,-61.57595,
2025,2025-04-27,15.50883,-61.56672,
2025,2025-04-27,15.51202,-61.5784,
2025,2025-04-27,15.50833,-61.58828,
2025,2025-04-27,15.50903,-61.59103,
2025,2025-04-27,15.50717,-61.59248,
2025,2025-04-27,15.5227,-61.59443,
2025,2025-04-27,15.52712,-61.59618,
2025,2025-04-27,15.54173,-61.59758,
2025,2025-04-27,15.543,-61.58652,
2025,2025-04-27,15.54,-61.57652,
2025,2025-04-27,15.15373,-61.46473,
2025,2025-04-27,15.16552,-61.49687,
2025,2025-04-27,15.16588,-61.50365,
2025,2025-04-27,15.21968,-61.55225,
2025,2025-04-27,15.2342,-61.5492,
2025,2025-04-27,15.22645,-61.56745,
2025,2025-04-27,15.21663,-61.58263,
2025,2025-04-27,15.22888,-61.58428,
2025,2025-04-27,15.22985,-61.58943,
2025,2025-04-27,15.22573,-61.22593,
2025,2025-04-27,15.2406,-61.59832,
2025,2025-04-27,15.22393,-61.59832,
2025,2025-04-27,15.21567,-61.60317,
2025,2025-04-27,15.22303,-61.60358,
2025,2025-04-27,15.26417,-61.44588,
2025,2025-04-27,15.25272,-61.45212,
2025,2025-04-27,15.25925,-61.45065,
2025,2025-04-27,15.2592,-61.44755,
2025,2025-04-27,15.25638,-61.44618,
2025,2025-04-27,15.25925,-61.44058,
2025,2025-04-27,15.27737,-61.42958,
2025,2025-04-27,15.27637,-61.42223,
2025,2025-04-27,15.28062,-61.43975,
2025,2025-04-27,15.2927,-61.43975,
2025,2025-04-27,15.27202,-61.42538,
2025,2025-04-27,15.2519,-61.40927,
2025,2025-04-27,15.61068,-61.60035,
2025,2025-04-27,15.62482,-61.61108,
2025,2025-04-27,15.62638,-61.59127,
2025,2025-04-27,15.63015,-61.59703,
2025,2025-04-27,15.13485,-61.42352,
2025,2025-04-27,15.13355,-61.41903,
2025,2025-04-27,15.13555,-61.41765,
2025,2025-04-27,15.12125,-61.41153,
2025,2025-04-27,15.1268,-61.40405,
2025,2025-04-27,15.12808,-61.40408,5
2025,2025-04-27,15.12857,-61.33627,
2025,2025-04-27,15.12388,-61.40595,
2025,2025-04-27,15.11438,-61.40667,
2025,2025-04-27,15.1163,-61.39912,
2025,2025-04-27,15.11845,-61.3982,
2025,2025-04-27,15.11665,-61.40195,
2025,2025-04-27,15.10758,-61.41043,
2025,2025-04-27,15.10283,-61.41483,9
2025,2025-04-27,15.0979,-61.41025,
2025,2025-04-28,15.38078,-61.49073,
2025,2025-04-28,15.37917,-61.48367,
2025,2025-04-28,15.37937,-61.4798,6
2025,2025-04-28,15.36108,-61.45577,
2025,2025-04-28,15.35193,-61.447,
2025,2025-04-28,15.34908,-61.44942,
2025,2025-04-28,15.34082,-61.44077,2
2025,2025-04-28,15.3279,-61.44002,
2025,2025-04-28,15.32935,-61.44158,3
2025,2025-04-28,15.31397,-61.41695,2
2025,2025-04-28,15.23552,-61.41342,1
2025,2025-04-28,15.23945,-61.41238,2
2025,2025-04-28,15.23875,-61.41778,2
2025,2025-04-28,15.2466,-61.41953,2
2025,2025-04-28,15.2583,-61.41172,1
2025,2025-04-28,15.2657,-61.41537,1
2025,2025-04-28,15.27728,-61.41087,1
2025,2025-04-28,15.2859,-61.42293,1
2025,2025-04-28,15.27647,-61.45395,1
2025,2025-04-28,15.27497,-61.45178,1
2025,2025-04-28,15.2652,-61.45738,2
2025,2025-04-28,15.24908,-61.46902,1
2025,2025-04-28,15.45547,-61.62083,
2025,2025-04-28,15.44257,-61.62412,
2025,2025-04-28,15.43405,-61.62283,
2025,2025-04-28,15.43085,-61.62258,
2025,2025-04-28,15.42928,-61.62332,
2025,2025-04-28,15.42467,-61.6183,
2025,2025-04-28,15.41513,-61.62308,
2025,2025-04-28,15.4108,-61.62877,
2025,2025-04-28,15.24442,-61.54358,
2025,2025-04-28,15.24377,-61.52595,
2025,2025-04-28,15.2445,-61.52253,
2025,2025-04-28,15.24803,-61.52203,
2025,2025-04-28,15.26002,-61.52098,
2025,2025-04-28,15.2552,-61.5229,
2025,2025-04-28,15.2716,-61.52393,
2025,2025-04-28,15.30357,-61.4439,2
2025,2025-04-28,15.30875,-61.44168,
2025,2025-04-28,15.27883,-61.43922,2
2025,2025-04-28,15.26368,-61.43043,2
2025,2025-04-28,15.25548,-61.42525,1
2025,2025-04-28,15.25243,-61.47393,1
2025,2025-04-28,15.24857,-61.42633,1
2025,2025-04-28,15.24942,-61.42125,1
2025,2025-04-28,15.24442,-61.41248,2
2025,2025-04-28,15.2401,-61.4264,2
2025,2025-04-28,15.23985,-61.40593,4
2025,2025-04-28,15.23997,-61.40522,2
2025,2025-04-28,15.23997,-61.40522,4
2025,2025-04-28,15.40033,-61.46943,
2025,2025-04-28,15.41943,-61.49875,
2025,2025-04-28,15.41905,-61.49547,
2025,2025-04-28,15.29172,-61.42423,3
2025,2025-04-28,15.28635,-61.59348,2
2025,2025-04-28,15.28832,-61.58708,13
2025,2025-04-28,15.2432,-61.46103,2
2025,2025-04-28,15.2432,-61.45633,1
2025,2025-04-28,15.37102,-61.47942,
2025,2025-04-28,15.37787,-61.47943,
2025,2025-04-28,15.38218,-61.47813,
2025,2025-04-28,15.36748,-61.45393,
2025,2025-04-28,15.36227,-61.4584,
2025,2025-04-28,15.3597,-61.45193,
2025,2025-04-28,15.35437,-61.44947,
2025,2025-04-28,15.27117,-61.44287,
2025,2025-04-28,15.24328,-61.44998,
2025,2025-04-28,15.27693,-61.42753,
2025,2025-04-28,15.2871,-61.42027,
2025,2025-04-28,15.30268,-61.42183,
2025,2025-04-28,15.30782,-61.4261,
2025,2025-04-28,15.30965,-61.42502,
2025,2025-12-01,15.5243,-61.4694,1
2025,2025-12-01,15.46408,-61.52005,1
2025,2025-12-02,15.43873,-61.58345,1
2025,2025-12-02,15.44225,-61.58557,1
2025,2025-12-10,15.54652,-61.52712,1
2025,2025-12-10,15.54073,-61.5269,1
2025,2025-12-10,15.53673,-61.52703,2
2025,2025-12-10,15.54125,-61.52987,2
2025,2025-12-11,15.3396,-61.55717,3
2025,2025-12-11,15.33757,-61.55043,
2025,2025-12-11,15.34122,-61.55043,
2025,2025-12-11,15.35037,-61.638,3
2025,2025-12-12,15.50528,-61.5351,1
2025,2025-12-12,15.51022,-61.56258,15
2025,2025-12-12,15.50905,-61.56355,15
2025,2025-12-14,15.30783,-61.49647,1
2025,2025-12-14,15.3103,-61.4999,2
2025,2025-12-14,15.31005,-61.49985,2
2025,2025-12-14,15.31363,-61.49883,7
2025,2025-12-14,15.31433,-61.49493,10
2025,2025-12-14,15.31163,-61.49053,
2025,2025-12-14,15.32685,-61.48392,8
2025,2025-12-14,15.3269,-61.4838,1
2025,2025-12-14,15.32785,-61.4855,12
2025,2025-12-14,15.15093,-61.44943,1
2025,2025-12-14,15.14772,-61.443,2
2025,2025-12-14,15.14892,-61.44538,2
2025,2025-12-14,15.13512,-61.44522,1
2025,2025-12-14,15.48938,-61.56465,1
2025,2025-12-14,15.47968,-61.55293,1
2025,2025-12-14,15.37455,-61.56697,2
2025,2025-12-14,15.3725,-61.56708,7
2025,2025-12-14,15.18892,-61.40848,1
2025,2025-12-14,15.2316,-61.43528,3
2025,2025-12-14,15.22632,-61.43823,6
2025,2025-12-14,15.22325,-61.44683,8
2025,2025-12-14,15.22325,-61.44683,2
2025,2025-12-14,15.22945,-61.44315,7
2026,2025-02-02,15.30618,-61.53512,1
2026,2025-02-02,15.33058,-61.51828,2
2026,2025-02-02,15.33872,-61.53593,3
2026,2025-02-02,15.3373,-61.53213,2
2026,2026-02-03,15.21655,-61.26818,2
2026,2026-02-03,15.22095,-61.41907,4
2026,2026-02-03,15.19927,-61.42627,2
2026,2026-02-03,15.0002,-61.42212,1
2026,2026-02-03,15.18283,-61.42038,1
2026,2026-02-03,15.1874,-61.41128,1
2026,2026-02-03,15.18747,-61.40992,2
2026,2026-02-03,15.18193,-61.41007,2
2026,2026-02-03,15.17343,-61.4166,1
2026,2026-02-03,15.1704,-61.3334,1
2026,2026-02-04,15.1893,-61.467,1
2026,2026-02-04,15.19473,-61.45778,1
2026,2026-02-04,15.19738,-61.4572,1
2026,2026-02-04,15.19762,-61.45417,1
2026,2026-02-05,15.30417,-61.53433,1
2026,2026-02-05,15.34683,-61.54667,1
2026,2026-02-05,15.33533,-61.50367,1
2026,2026-02-05,15.306,-61.49033,1
2026,2026-02-05,15.32183,-61.47967,3
2026,2026-02-05,15.31075,-61.37308,1
2026,2026-06-02,15.37008,-61.54927,2
2026,2026-06-02,15.3968,-61.53892,
2026,2026-06-02,15.39837,-61.53742,
2026,2026-06-02,15.41172,-61.53707,3
2026,2026-02-07,15.29232,-61.43213,2
2026,2026-02-07,15.25922,-61.44692,2
2026,2026-02-07,15.25895,-61.44598,
2026,2026-02-07,15.2729,-61.4459,
2026,2026-02-07,15.27578,-61.43615,
2026,2026-02-07,15.27645,-61.46972,
2026,2026-02-07,15.27953,-61.46047,
2026,2026-02-07,15.27975,-61.46807,
2026,2026-02-07,15.27702,-61.46712,
2026,2026-02-07,15.28117,-61.47435,
2026,2026-02-07,15.28193,-61.47552,
2026,2026-02-07,15.29433,-61.47968,
2026,2026-02-07,15.29723,-61.48237,
2026,2026-08-02,15.39702,-61.60357,1
2026,2026-08-02,15.39883,-61.59248,2
2026,2026-08-02,15.41597,-61.58782,1
2026,2026-08-02,15.41518,-61.5746,2
2026,2026-09-02,15.45133,-61.55752,2
2026,2026-09-02,15.4482,-61.58573,1
